-- DELETE FROM DMS.APPLICATION;
-- DELETE FROM DMS.PRODUCT_VERSION;
-- DELETE FROM DMS.PRODUCT;
-- DELETE FROM DMS.ALCATEL_LANGUAGE_CODE;
-- DELETE FROM DMS.LANGUAGE;
-- DELETE FROM DMS.CHARSET;

-- FOR POSTGRESQL AND ORACLE

-- INSERT INTO DMS.PRODUCT_BASE (ID,NAME) VALUES (NEXTVAL('ID_PRODUCT_BASE'),'PRODUCTA');
-- INSERT INTO DMS.PRODUCT (ID,VERSION,PRODUCT_BASE_ID) VALUES (NEXTVAL('ID_PRODUCT'),'1.0' ,1 );
-- INSERT INTO DMS.PRODUCT (ID,VERSION,PRODUCT_BASE_ID) VALUES (NEXTVAL('ID_PRODUCT'),'2.0' ,1 );
-- INSERT INTO DMS.PRODUCT (ID,VERSION,PRODUCT_BASE_ID) VALUES (NEXTVAL('ID_PRODUCT'),'3.0' ,1 );
--
-- INSERT INTO DMS.APPLICATION_BASE (ID,NAME,PRODUCT_BASE_ID) VALUES(NEXTVAL('ID_APPLICATION_BASE'),'APP_A1',1);
-- INSERT INTO DMS.APPLICATION_BASE (ID,NAME,PRODUCT_BASE_ID) VALUES(NEXTVAL('ID_APPLICATION_BASE'),'APP_A2',1);
--
-- INSERT INTO DMS.APPLICATION (ID,VERSION,APPLICATION_BASE_ID) VALUES(NEXTVAL('ID_APPLICATION'),'1.0',1);
-- INSERT INTO DMS.PRODUCT_APPLICATION (PRODUCT_ID, APPLICATION_ID) VALUES(1,1);
--
-- INSERT INTO DMS.DICTIONARY_BASE(ID,NAME, FORMAT,ENCODING,PATH,APPLICATION_BASE_ID ) VALUES (NEXTVAL('ID_DICTIONARY_BASE'),'TESTDICT','DCT', 'UTF-8','/ROOT/TESTPATH',1)
-- INSERT INTO DMS.DICTIONARY_BASE(ID,NAME, FORMAT,ENCODING,PATH,APPLICATION_BASE_ID ) VALUES (NEXTVAL('ID_DICTIONARY_BASE'),'TESTDICT1','DCT', 'ISO8859-1','/ROOT/TESTPATH1',1)
--
-- INSERT INTO DMS.DICTIONARY (ID,VERSION, DICTIONARY_BASE_ID, LOCKED )VALUES (NEXTVAL('ID_DICTIONARY'),'V1.0',1, FALSE)
-- INSERT INTO DMS.DICTIONARY (ID,VERSION, DICTIONARY_BASE_ID, LOCKED )VALUES (NEXTVAL('ID_DICTIONARY'),'V1.1',1, FALSE)
--
-- INSERT INTO DMS.APPLICATION_DICTIONARY (APPLICATION_ID, DICTIONARY_ID) VALUES (1,1)
-- INSERT INTO DMS.APPLICATION_DICTIONARY (APPLICATION_ID, DICTIONARY_ID) VALUES (1,2)
--
-- INSERT INTO DMS.APPLICATION (ID,VERSION,APPLICATION_BASE_ID) VALUES(NEXTVAL('ID_APPLICATION'),'1.0',2);
-- INSERT INTO DMS.PRODUCT_APPLICATION (PRODUCT_ID, APPLICATION_ID) VALUES(1,2);
--
-- INSERT INTO DMS.APPLICATION (ID,VERSION,APPLICATION_BASE_ID) VALUES(NEXTVAL('ID_APPLICATION'),'1.1',1);
-- INSERT INTO DMS.PRODUCT_APPLICATION (PRODUCT_ID, APPLICATION_ID) VALUES(2,3);
--
-- INSERT INTO DMS.PRODUCT_BASE (ID,NAME) VALUES (NEXTVAL('ID_PRODUCT_BASE'),'PRODUCTB');
-- INSERT INTO DMS.PRODUCT (ID,VERSION,PRODUCT_BASE_ID) VALUES (NEXTVAL('ID_PRODUCT'),'1.0' ,2 );
-- INSERT INTO DMS.APPLICATION_BASE (ID,NAME,PRODUCT_BASE_ID) VALUES(NEXTVAL('ID_APPLICATION_BASE'),'APP_B1',2);

-- FOR MYSQL AND H2

-- INSERT INTO DMS.PRODUCT_BASE (NAME) VALUES ('PRODUCTA');
-- INSERT INTO DMS.PRODUCT (VERSION,PRODUCT_BASE_ID) VALUES ('1.0' ,1 );
-- INSERT INTO DMS.PRODUCT (VERSION,PRODUCT_BASE_ID) VALUES ('2.0' ,1 );
-- INSERT INTO DMS.PRODUCT (VERSION,PRODUCT_BASE_ID) VALUES ('3.0' ,1 );
--
-- INSERT INTO DMS.APPLICATION_BASE (NAME,PRODUCT_BASE_ID) VALUES('APP_A1',1);
-- INSERT INTO DMS.APPLICATION_BASE (NAME,PRODUCT_BASE_ID) VALUES('APP_A2',1);
--
-- INSERT INTO DMS.APPLICATION (VERSION,APPLICATION_BASE_ID) VALUES('1.0',1);
-- INSERT INTO DMS.PRODUCT_APPLICATION (PRODUCT_ID, APPLICATION_ID) VALUES(1,1);
--
-- INSERT INTO DMS.DICTIONARY_BASE(NAME, FORMAT,ENCODING,PATH,APPLICATION_BASE_ID ) VALUES ('TESTDICT','DCT', 'UTF-8','/ROOT/TESTPATH',1)
-- INSERT INTO DMS.DICTIONARY_BASE(NAME, FORMAT,ENCODING,PATH,APPLICATION_BASE_ID ) VALUES ('TESTDICT1','DCT', 'ISO8859-1','/ROOT/TESTPATH1',1)
--
-- INSERT INTO DMS.DICTIONARY (VERSION, DICTIONARY_BASE_ID, LOCKED )VALUES ('V1.0',1, FALSE)
-- INSERT INTO DMS.DICTIONARY (VERSION, DICTIONARY_BASE_ID, LOCKED )VALUES ('V1.1',1, FALSE)
--
-- INSERT INTO DMS.APPLICATION_DICTIONARY (APPLICATION_ID, DICTIONARY_ID) VALUES (1,1)
-- INSERT INTO DMS.APPLICATION_DICTIONARY (APPLICATION_ID, DICTIONARY_ID) VALUES (1,2)
--
-- INSERT INTO DMS.APPLICATION (VERSION,APPLICATION_BASE_ID) VALUES('1.0',2);
-- INSERT INTO DMS.PRODUCT_APPLICATION (PRODUCT_ID, APPLICATION_ID) VALUES(1,2);
--
-- INSERT INTO DMS.APPLICATION (VERSION,APPLICATION_BASE_ID) VALUES('1.1',1);
-- INSERT INTO DMS.PRODUCT_APPLICATION (PRODUCT_ID, APPLICATION_ID) VALUES(2,3);
--
-- INSERT INTO DMS.PRODUCT_BASE (NAME) VALUES ('PRODUCTB');
-- INSERT INTO DMS.PRODUCT (VERSION,PRODUCT_BASE_ID) VALUES ('1.0' ,2 );
-- INSERT INTO DMS.APPLICATION_BASE (NAME,PRODUCT_BASE_ID) VALUES('APP_B1',2);


INSERT INTO DMS.USER (LOGIN_NAME, EMAIL, LAST_LOGIN_TIME, NAME, LOGIN_COUNTER, SHOW_TIPS, ROLE, STATUS, PASSWORD_DIGEST) VALUES ('ADMIN', 'ADMIN@TEST.COM', CURRENT_DATE, 'ADMINISTRATOR', 0, TRUE, 4, 1, '1891DE42F0750F759F93F8E0F4414CFC');
INSERT INTO DMS.USER (LOGIN_NAME, EMAIL, LAST_LOGIN_TIME, NAME, LOGIN_COUNTER, SHOW_TIPS, ROLE, STATUS, PASSWORD_DIGEST) VALUES ('OWNER', 'OWNER@TEST.COM', CURRENT_DATE, 'APPLICATION OWNER', 0, TRUE, 1, 1, '1891DE42F0750F759F93F8E0F4414CFC');
INSERT INTO DMS.USER (LOGIN_NAME, EMAIL, LAST_LOGIN_TIME, NAME, LOGIN_COUNTER, SHOW_TIPS, ROLE, STATUS, PASSWORD_DIGEST) VALUES ('MANAGER', 'MANAGER@TEST.COM', CURRENT_DATE, 'APPLICATION MANAGER', 0, TRUE, 2, 1, '1891DE42F0750F759F93F8E0F4414CFC');
INSERT INTO DMS.USER (LOGIN_NAME, EMAIL, LAST_LOGIN_TIME, NAME, LOGIN_COUNTER, SHOW_TIPS, ROLE, STATUS, PASSWORD_DIGEST) VALUES ('GUEST', 'GUEST@TEST.COM', CURRENT_DATE, 'GUEST', 0, TRUE, 0, 1, '1891DE42F0750F759F93F8E0F4414CFC');

-- FOR H2 --CALL HASH('SHA256', STRINGTOUTF8('PASSWORD'), 1)
--CREATE ALIAS MD5 FOR "RG.APACHE.COMMONS.CODEC.DIGEST.DIGESTUTILS.MD5HEX(JAVA.LANG.STRING)";
--FOR POSTGRESQL
-- MD5('ALCATEL123') = '1891DE42F0750F759F93F8E0F4414CFC'
-- UPDATE DMS.USER SET PASSWORD_DIGEST=MD5('ALCATEL123') WHERE LOGIN_NAME IN ('OWNER', 'MANAGER', 'GUEST', 'ADMIN')


-- MD5('ALCATEL123') = '1891DE42F0750F759F93F8E0F4414CFC'
-- UPDATE DMS.USER SET PASSWORD_DIGEST=MD5('ALCATEL123') WHERE LOGIN_NAME IN ('OWNER', 'MANAGER', 'GUEST', 'ADMIN')


INSERT INTO DMS.LANGUAGE (ID, NAME, DEFAULT_CHARSET) VALUES (0, 'GENERAL ALCATEL ENGLISH', 'WINDOWS-1252');
INSERT INTO DMS.LANGUAGE (ID, NAME, DEFAULT_CHARSET) VALUES (1, 'ENGLISH', 'WINDOWS-1252');
INSERT INTO DMS.LANGUAGE (ID, NAME, DEFAULT_CHARSET) VALUES (2, 'ARABIC', 'WINDOWS-1256');
INSERT INTO DMS.LANGUAGE (ID, NAME, DEFAULT_CHARSET) VALUES (3, 'CATALAN', 'WINDOWS-1252');
INSERT INTO DMS.LANGUAGE (ID, NAME, DEFAULT_CHARSET) VALUES (4, 'CATALAN (SPAIN)', 'WINDOWS-1252');
INSERT INTO DMS.LANGUAGE (ID, NAME, DEFAULT_CHARSET) VALUES (5, 'CHINESE', 'GBK');
INSERT INTO DMS.LANGUAGE (ID, NAME, DEFAULT_CHARSET) VALUES (6, 'CHINESE (CHINA)', 'GBK');
INSERT INTO DMS.LANGUAGE (ID, NAME, DEFAULT_CHARSET) VALUES (7, 'CHINESE (HONG KONG)', 'BIG5-HKSCS');
INSERT INTO DMS.LANGUAGE (ID, NAME, DEFAULT_CHARSET) VALUES (8, 'CHINESE (TAIWAN)', 'BIG5');
INSERT INTO DMS.LANGUAGE (ID, NAME, DEFAULT_CHARSET) VALUES (9, 'CROATIA', 'WINDOWS-1250');
INSERT INTO DMS.LANGUAGE (ID, NAME, DEFAULT_CHARSET) VALUES (10, 'CZECH', 'WINDOWS-1250');
INSERT INTO DMS.LANGUAGE (ID, NAME, DEFAULT_CHARSET) VALUES (11, 'DANISH', 'WINDOWS-1252');
INSERT INTO DMS.LANGUAGE (ID, NAME, DEFAULT_CHARSET) VALUES (12, 'DUTCH (BELGIUM)', 'WINDOWS-1252');
INSERT INTO DMS.LANGUAGE (ID, NAME, DEFAULT_CHARSET) VALUES (13, 'DUTCH (NETHERLANDS)', 'WINDOWS-1252');
INSERT INTO DMS.LANGUAGE (ID, NAME, DEFAULT_CHARSET) VALUES (14, 'ENGLISH (AUSTRALIA)', 'WINDOWS-1252');
INSERT INTO DMS.LANGUAGE (ID, NAME, DEFAULT_CHARSET) VALUES (15, 'ENGLISH (UNITED KINGDOM)', 'WINDOWS-1252');
INSERT INTO DMS.LANGUAGE (ID, NAME, DEFAULT_CHARSET) VALUES (16, 'ENGLISH (UNITED STATES)', 'WINDOWS-1252');
INSERT INTO DMS.LANGUAGE (ID, NAME, DEFAULT_CHARSET) VALUES (17, 'ESTONIAN', 'ISO-8859-15');
INSERT INTO DMS.LANGUAGE (ID, NAME, DEFAULT_CHARSET) VALUES (18, 'FINNISH', 'WINDOWS-1252');
INSERT INTO DMS.LANGUAGE (ID, NAME, DEFAULT_CHARSET) VALUES (19, 'FRENCH (BELGIUM)', 'WINDOWS-1252');
INSERT INTO DMS.LANGUAGE (ID, NAME, DEFAULT_CHARSET) VALUES (20, 'FRENCH (CANADA)', 'WINDOWS-1252');
INSERT INTO DMS.LANGUAGE (ID, NAME, DEFAULT_CHARSET) VALUES (21, 'FRENCH (FRANCE)', 'WINDOWS-1252');
INSERT INTO DMS.LANGUAGE (ID, NAME, DEFAULT_CHARSET) VALUES (22, 'FRENCH (SWITZERLAND)', 'WINDOWS-1252');
INSERT INTO DMS.LANGUAGE (ID, NAME, DEFAULT_CHARSET) VALUES (23, 'GERMAN (AUSTRIA)', 'WINDOWS-1252');
INSERT INTO DMS.LANGUAGE (ID, NAME, DEFAULT_CHARSET) VALUES (24, 'GERMAN (GERMANY)', 'WINDOWS-1252');
INSERT INTO DMS.LANGUAGE (ID, NAME, DEFAULT_CHARSET) VALUES (25, 'GERMAN (SWITZERLAND)', 'WINDOWS-1252');
INSERT INTO DMS.LANGUAGE (ID, NAME, DEFAULT_CHARSET) VALUES (26, 'GREEK', 'ISO-8859-7');
INSERT INTO DMS.LANGUAGE (ID, NAME, DEFAULT_CHARSET) VALUES (27, 'HEBREW', 'ISO-8859-8');
INSERT INTO DMS.LANGUAGE (ID, NAME, DEFAULT_CHARSET) VALUES (28, 'HUNGARIAN', 'WINDOWS-1250');
INSERT INTO DMS.LANGUAGE (ID, NAME, DEFAULT_CHARSET) VALUES (29, 'ITALIAN (ITALY)', 'WINDOWS-1252');
INSERT INTO DMS.LANGUAGE (ID, NAME, DEFAULT_CHARSET) VALUES (30, 'ITALIAN (SWITZERLAND)', 'WINDOWS-1252');
INSERT INTO DMS.LANGUAGE (ID, NAME, DEFAULT_CHARSET) VALUES (31, 'JAPANESE', 'EUC-JP');
INSERT INTO DMS.LANGUAGE (ID, NAME, DEFAULT_CHARSET) VALUES (32, 'KOREAN', 'X-WINDOWS-949');
INSERT INTO DMS.LANGUAGE (ID, NAME, DEFAULT_CHARSET) VALUES (33, 'LATVIAN', 'WINDOWS-1257');
INSERT INTO DMS.LANGUAGE (ID, NAME, DEFAULT_CHARSET) VALUES (34, 'LITHUANIAN', 'WINDOWS-1257');
INSERT INTO DMS.LANGUAGE (ID, NAME, DEFAULT_CHARSET) VALUES (35, 'NORWEGIAN', 'WINDOWS-1252');
INSERT INTO DMS.LANGUAGE (ID, NAME, DEFAULT_CHARSET) VALUES (36, 'POLISH', 'WINDOWS-1250');
INSERT INTO DMS.LANGUAGE (ID, NAME, DEFAULT_CHARSET) VALUES (37, 'PORTUGUESE (BRAZIL)', 'WINDOWS-1252');
INSERT INTO DMS.LANGUAGE (ID, NAME, DEFAULT_CHARSET) VALUES (38, 'PORTUGUESE (PORTUGAL)', 'WINDOWS-1252');
INSERT INTO DMS.LANGUAGE (ID, NAME, DEFAULT_CHARSET) VALUES (39, 'RUMANIAN', 'WINDOWS-1250');
INSERT INTO DMS.LANGUAGE (ID, NAME, DEFAULT_CHARSET) VALUES (40, 'RUSSIAN', 'WINDOWS-1251');
INSERT INTO DMS.LANGUAGE (ID, NAME, DEFAULT_CHARSET) VALUES (41, 'SERBIAN', 'WINDOWS-1250');
INSERT INTO DMS.LANGUAGE (ID, NAME, DEFAULT_CHARSET) VALUES (42, 'SLOVAKIAN', 'WINDOWS-1250');
INSERT INTO DMS.LANGUAGE (ID, NAME, DEFAULT_CHARSET) VALUES (43, 'SLOVENIAN', 'WINDOWS-1250');
INSERT INTO DMS.LANGUAGE (ID, NAME, DEFAULT_CHARSET) VALUES (44, 'SPANISH (MEXICO)', 'WINDOWS-1252');
INSERT INTO DMS.LANGUAGE (ID, NAME, DEFAULT_CHARSET) VALUES (45, 'SPANISH (SPAIN)', 'WINDOWS-1252');
INSERT INTO DMS.LANGUAGE (ID, NAME, DEFAULT_CHARSET) VALUES (46, 'SWEDISH', 'WINDOWS-1252');
INSERT INTO DMS.LANGUAGE (ID, NAME, DEFAULT_CHARSET) VALUES (47, 'THAI', 'X-WINDOWS-874');
INSERT INTO DMS.LANGUAGE (ID, NAME, DEFAULT_CHARSET) VALUES (48, 'TURKISH', 'WINDOWS-1254');
-- EXTRA FOR DICTIONARY.CONF FILE
INSERT INTO DMS.LANGUAGE (ID, NAME, DEFAULT_CHARSET) VALUES (49, 'EN-CN', 'UTF-8');
INSERT INTO DMS.LANGUAGE (ID, NAME, DEFAULT_CHARSET) VALUES (50, 'EN-GR', 'UTF-8');
INSERT INTO DMS.LANGUAGE (ID, NAME, DEFAULT_CHARSET) VALUES (51, 'EN-CA', 'UTF-8');
INSERT INTO DMS.LANGUAGE (ID, NAME, DEFAULT_CHARSET) VALUES (52, 'EN-TW', 'UTF-8');
INSERT INTO DMS.LANGUAGE (ID, NAME, DEFAULT_CHARSET) VALUES (53, 'EN-MA', 'UTF-8');
INSERT INTO DMS.LANGUAGE (ID, NAME, DEFAULT_CHARSET) VALUES (54, 'EN-RU', 'UTF-8');
INSERT INTO DMS.LANGUAGE (ID, NAME, DEFAULT_CHARSET) VALUES (55, 'ES-AR', 'UTF-8');
INSERT INTO DMS.LANGUAGE (ID, NAME, DEFAULT_CHARSET) VALUES (56, 'FR-MA', 'UTF-8');
INSERT INTO DMS.LANGUAGE (ID, NAME, DEFAULT_CHARSET) VALUES (57, 'SR-CS', 'UTF-8');
INSERT INTO DMS.LANGUAGE (ID, NAME, DEFAULT_CHARSET) VALUES (58, 'ICELANDIC', 'WINDOWS-1252');


INSERT INTO DMS.ALCATEL_LANGUAGE_CODE (CODE, LANGUAGE_ID, DEFAULT_CODE) VALUES ('GAE', 0, TRUE);
INSERT INTO DMS.ALCATEL_LANGUAGE_CODE (CODE, LANGUAGE_ID, DEFAULT_CODE) VALUES ('AR0', 2, TRUE);
INSERT INTO DMS.ALCATEL_LANGUAGE_CODE (CODE, LANGUAGE_ID, DEFAULT_CODE) VALUES ('ES1', 4, TRUE);
INSERT INTO DMS.ALCATEL_LANGUAGE_CODE (CODE, LANGUAGE_ID, DEFAULT_CODE) VALUES ('CH0', 6, TRUE);
INSERT INTO DMS.ALCATEL_LANGUAGE_CODE (CODE, LANGUAGE_ID, DEFAULT_CODE) VALUES ('ZH0', 6, FALSE);
INSERT INTO DMS.ALCATEL_LANGUAGE_CODE (CODE, LANGUAGE_ID, DEFAULT_CODE) VALUES ('HK0', 7, TRUE);
INSERT INTO DMS.ALCATEL_LANGUAGE_CODE (CODE, LANGUAGE_ID, DEFAULT_CODE) VALUES ('CH1', 8, TRUE);
INSERT INTO DMS.ALCATEL_LANGUAGE_CODE (CODE, LANGUAGE_ID, DEFAULT_CODE) VALUES ('TW0', 8, FALSE);
INSERT INTO DMS.ALCATEL_LANGUAGE_CODE (CODE, LANGUAGE_ID, DEFAULT_CODE) VALUES ('HR0', 9, TRUE);
INSERT INTO DMS.ALCATEL_LANGUAGE_CODE (CODE, LANGUAGE_ID, DEFAULT_CODE) VALUES ('CS0', 10, TRUE);
INSERT INTO DMS.ALCATEL_LANGUAGE_CODE (CODE, LANGUAGE_ID, DEFAULT_CODE) VALUES ('DA0', 11, TRUE);
INSERT INTO DMS.ALCATEL_LANGUAGE_CODE (CODE, LANGUAGE_ID, DEFAULT_CODE) VALUES ('NL1', 12, TRUE);
INSERT INTO DMS.ALCATEL_LANGUAGE_CODE (CODE, LANGUAGE_ID, DEFAULT_CODE) VALUES ('NL0', 13, TRUE);
INSERT INTO DMS.ALCATEL_LANGUAGE_CODE (CODE, LANGUAGE_ID, DEFAULT_CODE) VALUES ('AS0', 14, TRUE);
INSERT INTO DMS.ALCATEL_LANGUAGE_CODE (CODE, LANGUAGE_ID, DEFAULT_CODE) VALUES ('EN0', 15, TRUE);
INSERT INTO DMS.ALCATEL_LANGUAGE_CODE (CODE, LANGUAGE_ID, DEFAULT_CODE) VALUES ('US0', 16, TRUE);
INSERT INTO DMS.ALCATEL_LANGUAGE_CODE (CODE, LANGUAGE_ID, DEFAULT_CODE) VALUES ('EE0', 17, TRUE);
INSERT INTO DMS.ALCATEL_LANGUAGE_CODE (CODE, LANGUAGE_ID, DEFAULT_CODE) VALUES ('FI0', 18, TRUE);
INSERT INTO DMS.ALCATEL_LANGUAGE_CODE (CODE, LANGUAGE_ID, DEFAULT_CODE) VALUES ('FR2', 19, TRUE);
INSERT INTO DMS.ALCATEL_LANGUAGE_CODE (CODE, LANGUAGE_ID, DEFAULT_CODE) VALUES ('FR3', 20, TRUE);
INSERT INTO DMS.ALCATEL_LANGUAGE_CODE (CODE, LANGUAGE_ID, DEFAULT_CODE) VALUES ('FR0', 21, TRUE);
INSERT INTO DMS.ALCATEL_LANGUAGE_CODE (CODE, LANGUAGE_ID, DEFAULT_CODE) VALUES ('FR1', 22, TRUE);
INSERT INTO DMS.ALCATEL_LANGUAGE_CODE (CODE, LANGUAGE_ID, DEFAULT_CODE) VALUES ('DE1', 23, TRUE);
INSERT INTO DMS.ALCATEL_LANGUAGE_CODE (CODE, LANGUAGE_ID, DEFAULT_CODE) VALUES ('DE0', 24, TRUE);
INSERT INTO DMS.ALCATEL_LANGUAGE_CODE (CODE, LANGUAGE_ID, DEFAULT_CODE) VALUES ('DE2', 25, TRUE);
INSERT INTO DMS.ALCATEL_LANGUAGE_CODE (CODE, LANGUAGE_ID, DEFAULT_CODE) VALUES ('GR0', 26, TRUE);
INSERT INTO DMS.ALCATEL_LANGUAGE_CODE (CODE, LANGUAGE_ID, DEFAULT_CODE) VALUES ('HE0', 27, TRUE);
INSERT INTO DMS.ALCATEL_LANGUAGE_CODE (CODE, LANGUAGE_ID, DEFAULT_CODE) VALUES ('HU0', 28, TRUE);
INSERT INTO DMS.ALCATEL_LANGUAGE_CODE (CODE, LANGUAGE_ID, DEFAULT_CODE) VALUES ('IT0', 29, TRUE);
INSERT INTO DMS.ALCATEL_LANGUAGE_CODE (CODE, LANGUAGE_ID, DEFAULT_CODE) VALUES ('IT1', 30, TRUE);
INSERT INTO DMS.ALCATEL_LANGUAGE_CODE (CODE, LANGUAGE_ID, DEFAULT_CODE) VALUES ('JP0', 31, TRUE);
INSERT INTO DMS.ALCATEL_LANGUAGE_CODE (CODE, LANGUAGE_ID, DEFAULT_CODE) VALUES ('KO0', 32, TRUE);
INSERT INTO DMS.ALCATEL_LANGUAGE_CODE (CODE, LANGUAGE_ID, DEFAULT_CODE) VALUES ('LV0', 33, TRUE);
INSERT INTO DMS.ALCATEL_LANGUAGE_CODE (CODE, LANGUAGE_ID, DEFAULT_CODE) VALUES ('LT0', 34, TRUE);
INSERT INTO DMS.ALCATEL_LANGUAGE_CODE (CODE, LANGUAGE_ID, DEFAULT_CODE) VALUES ('NO0', 35, TRUE);
INSERT INTO DMS.ALCATEL_LANGUAGE_CODE (CODE, LANGUAGE_ID, DEFAULT_CODE) VALUES ('PL0', 36, TRUE);
INSERT INTO DMS.ALCATEL_LANGUAGE_CODE (CODE, LANGUAGE_ID, DEFAULT_CODE) VALUES ('PT1', 37, TRUE);
INSERT INTO DMS.ALCATEL_LANGUAGE_CODE (CODE, LANGUAGE_ID, DEFAULT_CODE) VALUES ('PT0', 38, TRUE);
INSERT INTO DMS.ALCATEL_LANGUAGE_CODE (CODE, LANGUAGE_ID, DEFAULT_CODE) VALUES ('RO0', 39, TRUE);
INSERT INTO DMS.ALCATEL_LANGUAGE_CODE (CODE, LANGUAGE_ID, DEFAULT_CODE) VALUES ('RU0', 40, TRUE);
INSERT INTO DMS.ALCATEL_LANGUAGE_CODE (CODE, LANGUAGE_ID, DEFAULT_CODE) VALUES ('YU0', 41, TRUE);
INSERT INTO DMS.ALCATEL_LANGUAGE_CODE (CODE, LANGUAGE_ID, DEFAULT_CODE) VALUES ('SK0', 42, TRUE);
INSERT INTO DMS.ALCATEL_LANGUAGE_CODE (CODE, LANGUAGE_ID, DEFAULT_CODE) VALUES ('SI0', 43, TRUE);
INSERT INTO DMS.ALCATEL_LANGUAGE_CODE (CODE, LANGUAGE_ID, DEFAULT_CODE) VALUES ('ES0', 45, TRUE);
INSERT INTO DMS.ALCATEL_LANGUAGE_CODE (CODE, LANGUAGE_ID, DEFAULT_CODE) VALUES ('SV0', 46, TRUE);
INSERT INTO DMS.ALCATEL_LANGUAGE_CODE (CODE, LANGUAGE_ID, DEFAULT_CODE) VALUES ('TA0', 47, TRUE);
INSERT INTO DMS.ALCATEL_LANGUAGE_CODE (CODE, LANGUAGE_ID, DEFAULT_CODE) VALUES ('TR0', 48, TRUE);


INSERT INTO DMS.CHARSET (ID, NAME) VALUES (1, 'BIG5');
INSERT INTO DMS.CHARSET (ID, NAME) VALUES (2, 'BIG5-HKSCS');
INSERT INTO DMS.CHARSET (ID, NAME) VALUES (3, 'EUC-JP');
INSERT INTO DMS.CHARSET (ID, NAME) VALUES (4, 'EUC-KR');
INSERT INTO DMS.CHARSET (ID, NAME) VALUES (5, 'GB18030');
INSERT INTO DMS.CHARSET (ID, NAME) VALUES (6, 'GB2312');
INSERT INTO DMS.CHARSET (ID, NAME) VALUES (7, 'GBK');
INSERT INTO DMS.CHARSET (ID, NAME) VALUES (8, 'IBM-THAI');
INSERT INTO DMS.CHARSET (ID, NAME) VALUES (9, 'IBM00858');
INSERT INTO DMS.CHARSET (ID, NAME) VALUES (10, 'IBM01140');
INSERT INTO DMS.CHARSET (ID, NAME) VALUES (11, 'IBM01141');
INSERT INTO DMS.CHARSET (ID, NAME) VALUES (12, 'IBM01142');
INSERT INTO DMS.CHARSET (ID, NAME) VALUES (13, 'IBM01143');
INSERT INTO DMS.CHARSET (ID, NAME) VALUES (14, 'IBM01144');
INSERT INTO DMS.CHARSET (ID, NAME) VALUES (15, 'IBM01145');
INSERT INTO DMS.CHARSET (ID, NAME) VALUES (16, 'IBM01146');
INSERT INTO DMS.CHARSET (ID, NAME) VALUES (17, 'IBM01147');
INSERT INTO DMS.CHARSET (ID, NAME) VALUES (18, 'IBM01148');
INSERT INTO DMS.CHARSET (ID, NAME) VALUES (19, 'IBM01149');
INSERT INTO DMS.CHARSET (ID, NAME) VALUES (20, 'IBM037');
INSERT INTO DMS.CHARSET (ID, NAME) VALUES (21, 'IBM1026');
INSERT INTO DMS.CHARSET (ID, NAME) VALUES (22, 'IBM1047');
INSERT INTO DMS.CHARSET (ID, NAME) VALUES (23, 'IBM273');
INSERT INTO DMS.CHARSET (ID, NAME) VALUES (24, 'IBM277');
INSERT INTO DMS.CHARSET (ID, NAME) VALUES (25, 'IBM278');
INSERT INTO DMS.CHARSET (ID, NAME) VALUES (26, 'IBM280');
INSERT INTO DMS.CHARSET (ID, NAME) VALUES (27, 'IBM284');
INSERT INTO DMS.CHARSET (ID, NAME) VALUES (28, 'IBM285');
INSERT INTO DMS.CHARSET (ID, NAME) VALUES (29, 'IBM297');
INSERT INTO DMS.CHARSET (ID, NAME) VALUES (30, 'IBM420');
INSERT INTO DMS.CHARSET (ID, NAME) VALUES (31, 'IBM424');
INSERT INTO DMS.CHARSET (ID, NAME) VALUES (32, 'IBM437');
INSERT INTO DMS.CHARSET (ID, NAME) VALUES (33, 'IBM500');
INSERT INTO DMS.CHARSET (ID, NAME) VALUES (34, 'IBM775');
INSERT INTO DMS.CHARSET (ID, NAME) VALUES (35, 'IBM850');
INSERT INTO DMS.CHARSET (ID, NAME) VALUES (36, 'IBM852');
INSERT INTO DMS.CHARSET (ID, NAME) VALUES (37, 'IBM855');
INSERT INTO DMS.CHARSET (ID, NAME) VALUES (38, 'IBM857');
INSERT INTO DMS.CHARSET (ID, NAME) VALUES (39, 'IBM860');
INSERT INTO DMS.CHARSET (ID, NAME) VALUES (40, 'IBM861');
INSERT INTO DMS.CHARSET (ID, NAME) VALUES (41, 'IBM862');
INSERT INTO DMS.CHARSET (ID, NAME) VALUES (42, 'IBM863');
INSERT INTO DMS.CHARSET (ID, NAME) VALUES (43, 'IBM864');
INSERT INTO DMS.CHARSET (ID, NAME) VALUES (44, 'IBM865');
INSERT INTO DMS.CHARSET (ID, NAME) VALUES (45, 'IBM866');
INSERT INTO DMS.CHARSET (ID, NAME) VALUES (46, 'IBM868');
INSERT INTO DMS.CHARSET (ID, NAME) VALUES (47, 'IBM869');
INSERT INTO DMS.CHARSET (ID, NAME) VALUES (48, 'IBM870');
INSERT INTO DMS.CHARSET (ID, NAME) VALUES (49, 'IBM871');
INSERT INTO DMS.CHARSET (ID, NAME) VALUES (50, 'IBM918');
INSERT INTO DMS.CHARSET (ID, NAME) VALUES (51, 'ISO-2022-CN');
INSERT INTO DMS.CHARSET (ID, NAME) VALUES (52, 'ISO-2022-JP');
INSERT INTO DMS.CHARSET (ID, NAME) VALUES (53, 'ISO-2022-JP-2');
INSERT INTO DMS.CHARSET (ID, NAME) VALUES (54, 'ISO-2022-KR');
INSERT INTO DMS.CHARSET (ID, NAME) VALUES (55, 'ISO-8859-1');
INSERT INTO DMS.CHARSET (ID, NAME) VALUES (56, 'ISO-8859-13');
INSERT INTO DMS.CHARSET (ID, NAME) VALUES (57, 'ISO-8859-15');
INSERT INTO DMS.CHARSET (ID, NAME) VALUES (58, 'ISO-8859-2');
INSERT INTO DMS.CHARSET (ID, NAME) VALUES (59, 'ISO-8859-3');
INSERT INTO DMS.CHARSET (ID, NAME) VALUES (60, 'ISO-8859-4');
INSERT INTO DMS.CHARSET (ID, NAME) VALUES (61, 'ISO-8859-5');
INSERT INTO DMS.CHARSET (ID, NAME) VALUES (62, 'ISO-8859-6');
INSERT INTO DMS.CHARSET (ID, NAME) VALUES (63, 'ISO-8859-7');
INSERT INTO DMS.CHARSET (ID, NAME) VALUES (64, 'ISO-8859-8');
INSERT INTO DMS.CHARSET (ID, NAME) VALUES (65, 'ISO-8859-9');
INSERT INTO DMS.CHARSET (ID, NAME) VALUES (66, 'JIS_X0201');
INSERT INTO DMS.CHARSET (ID, NAME) VALUES (67, 'JIS_X0212-1990');
INSERT INTO DMS.CHARSET (ID, NAME) VALUES (68, 'KOI8-R');
INSERT INTO DMS.CHARSET (ID, NAME) VALUES (69, 'KOI8-U');
INSERT INTO DMS.CHARSET (ID, NAME) VALUES (70, 'SHIFT_JIS');
INSERT INTO DMS.CHARSET (ID, NAME) VALUES (71, 'TIS-620');
INSERT INTO DMS.CHARSET (ID, NAME) VALUES (72, 'US-ASCII');
INSERT INTO DMS.CHARSET (ID, NAME) VALUES (73, 'UTF-16');
INSERT INTO DMS.CHARSET (ID, NAME) VALUES (74, 'UTF-16BE');
INSERT INTO DMS.CHARSET (ID, NAME) VALUES (75, 'UTF-16LE');
INSERT INTO DMS.CHARSET (ID, NAME) VALUES (76, 'UTF-32');
INSERT INTO DMS.CHARSET (ID, NAME) VALUES (77, 'UTF-32BE');
INSERT INTO DMS.CHARSET (ID, NAME) VALUES (78, 'UTF-32LE');
INSERT INTO DMS.CHARSET (ID, NAME) VALUES (79, 'UTF-8');
INSERT INTO DMS.CHARSET (ID, NAME) VALUES (80, 'WINDOWS-1250');
INSERT INTO DMS.CHARSET (ID, NAME) VALUES (81, 'WINDOWS-1251');
INSERT INTO DMS.CHARSET (ID, NAME) VALUES (82, 'WINDOWS-1252');
INSERT INTO DMS.CHARSET (ID, NAME) VALUES (83, 'WINDOWS-1253');
INSERT INTO DMS.CHARSET (ID, NAME) VALUES (84, 'WINDOWS-1254');
INSERT INTO DMS.CHARSET (ID, NAME) VALUES (85, 'WINDOWS-1255');
INSERT INTO DMS.CHARSET (ID, NAME) VALUES (86, 'WINDOWS-1256');
INSERT INTO DMS.CHARSET (ID, NAME) VALUES (87, 'WINDOWS-1257');
INSERT INTO DMS.CHARSET (ID, NAME) VALUES (88, 'WINDOWS-1258');
INSERT INTO DMS.CHARSET (ID, NAME) VALUES (89, 'WINDOWS-31J');
INSERT INTO DMS.CHARSET (ID, NAME) VALUES (90, 'X-BIG5-HKSCS-2001');
INSERT INTO DMS.CHARSET (ID, NAME) VALUES (91, 'X-BIG5-SOLARIS');
INSERT INTO DMS.CHARSET (ID, NAME) VALUES (92, 'X-EUC-JP-LINUX');
INSERT INTO DMS.CHARSET (ID, NAME) VALUES (93, 'X-EUC-TW');
INSERT INTO DMS.CHARSET (ID, NAME) VALUES (94, 'X-EUCJP-OPEN');
INSERT INTO DMS.CHARSET (ID, NAME) VALUES (95, 'X-IBM1006');
INSERT INTO DMS.CHARSET (ID, NAME) VALUES (96, 'X-IBM1025');
INSERT INTO DMS.CHARSET (ID, NAME) VALUES (97, 'X-IBM1046');
INSERT INTO DMS.CHARSET (ID, NAME) VALUES (98, 'X-IBM1097');
INSERT INTO DMS.CHARSET (ID, NAME) VALUES (99, 'X-IBM1098');
INSERT INTO DMS.CHARSET (ID, NAME) VALUES (100, 'X-IBM1112');
INSERT INTO DMS.CHARSET (ID, NAME) VALUES (101, 'X-IBM1122');
INSERT INTO DMS.CHARSET (ID, NAME) VALUES (102, 'X-IBM1123');
INSERT INTO DMS.CHARSET (ID, NAME) VALUES (103, 'X-IBM1124');
INSERT INTO DMS.CHARSET (ID, NAME) VALUES (104, 'X-IBM1381');
INSERT INTO DMS.CHARSET (ID, NAME) VALUES (105, 'X-IBM1383');
INSERT INTO DMS.CHARSET (ID, NAME) VALUES (106, 'X-IBM33722');
INSERT INTO DMS.CHARSET (ID, NAME) VALUES (107, 'X-IBM737');
INSERT INTO DMS.CHARSET (ID, NAME) VALUES (108, 'X-IBM833');
INSERT INTO DMS.CHARSET (ID, NAME) VALUES (109, 'X-IBM834');
INSERT INTO DMS.CHARSET (ID, NAME) VALUES (110, 'X-IBM856');
INSERT INTO DMS.CHARSET (ID, NAME) VALUES (111, 'X-IBM874');
INSERT INTO DMS.CHARSET (ID, NAME) VALUES (112, 'X-IBM875');
INSERT INTO DMS.CHARSET (ID, NAME) VALUES (113, 'X-IBM921');
INSERT INTO DMS.CHARSET (ID, NAME) VALUES (114, 'X-IBM922');
INSERT INTO DMS.CHARSET (ID, NAME) VALUES (115, 'X-IBM930');
INSERT INTO DMS.CHARSET (ID, NAME) VALUES (116, 'X-IBM933');
INSERT INTO DMS.CHARSET (ID, NAME) VALUES (117, 'X-IBM935');
INSERT INTO DMS.CHARSET (ID, NAME) VALUES (118, 'X-IBM937');
INSERT INTO DMS.CHARSET (ID, NAME) VALUES (119, 'X-IBM939');
INSERT INTO DMS.CHARSET (ID, NAME) VALUES (120, 'X-IBM942');
INSERT INTO DMS.CHARSET (ID, NAME) VALUES (121, 'X-IBM942C');
INSERT INTO DMS.CHARSET (ID, NAME) VALUES (122, 'X-IBM943');
INSERT INTO DMS.CHARSET (ID, NAME) VALUES (123, 'X-IBM943C');
INSERT INTO DMS.CHARSET (ID, NAME) VALUES (124, 'X-IBM948');
INSERT INTO DMS.CHARSET (ID, NAME) VALUES (125, 'X-IBM949');
INSERT INTO DMS.CHARSET (ID, NAME) VALUES (126, 'X-IBM949C');
INSERT INTO DMS.CHARSET (ID, NAME) VALUES (127, 'X-IBM950');
INSERT INTO DMS.CHARSET (ID, NAME) VALUES (128, 'X-IBM964');
INSERT INTO DMS.CHARSET (ID, NAME) VALUES (129, 'X-IBM970');
INSERT INTO DMS.CHARSET (ID, NAME) VALUES (130, 'X-ISCII91');
INSERT INTO DMS.CHARSET (ID, NAME) VALUES (131, 'X-ISO-2022-CN-CNS');
INSERT INTO DMS.CHARSET (ID, NAME) VALUES (132, 'X-ISO-2022-CN-GB');
INSERT INTO DMS.CHARSET (ID, NAME) VALUES (133, 'X-ISO-8859-11');
INSERT INTO DMS.CHARSET (ID, NAME) VALUES (134, 'X-JIS0208');
INSERT INTO DMS.CHARSET (ID, NAME) VALUES (135, 'X-JISAUTODETECT');
INSERT INTO DMS.CHARSET (ID, NAME) VALUES (136, 'X-JOHAB');
INSERT INTO DMS.CHARSET (ID, NAME) VALUES (137, 'X-MACARABIC');
INSERT INTO DMS.CHARSET (ID, NAME) VALUES (138, 'X-MACCENTRALEUROPE');
INSERT INTO DMS.CHARSET (ID, NAME) VALUES (139, 'X-MACCROATIAN');
INSERT INTO DMS.CHARSET (ID, NAME) VALUES (140, 'X-MACCYRILLIC');
INSERT INTO DMS.CHARSET (ID, NAME) VALUES (141, 'X-MACDINGBAT');
INSERT INTO DMS.CHARSET (ID, NAME) VALUES (142, 'X-MACGREEK');
INSERT INTO DMS.CHARSET (ID, NAME) VALUES (143, 'X-MACHEBREW');
INSERT INTO DMS.CHARSET (ID, NAME) VALUES (144, 'X-MACICELAND');
INSERT INTO DMS.CHARSET (ID, NAME) VALUES (145, 'X-MACROMAN');
INSERT INTO DMS.CHARSET (ID, NAME) VALUES (146, 'X-MACROMANIA');
INSERT INTO DMS.CHARSET (ID, NAME) VALUES (147, 'X-MACSYMBOL');
INSERT INTO DMS.CHARSET (ID, NAME) VALUES (148, 'X-MACTHAI');
INSERT INTO DMS.CHARSET (ID, NAME) VALUES (149, 'X-MACTURKISH');
INSERT INTO DMS.CHARSET (ID, NAME) VALUES (150, 'X-MACUKRAINE');
INSERT INTO DMS.CHARSET (ID, NAME) VALUES (151, 'X-MS932_0213');
INSERT INTO DMS.CHARSET (ID, NAME) VALUES (152, 'X-MS950-HKSCS');
INSERT INTO DMS.CHARSET (ID, NAME) VALUES (153, 'X-MS950-HKSCS-XP');
INSERT INTO DMS.CHARSET (ID, NAME) VALUES (154, 'X-MSWIN-936');
INSERT INTO DMS.CHARSET (ID, NAME) VALUES (155, 'X-PCK');
INSERT INTO DMS.CHARSET (ID, NAME) VALUES (156, 'X-SJIS_0213');
INSERT INTO DMS.CHARSET (ID, NAME) VALUES (157, 'X-UTF-16LE-BOM');
INSERT INTO DMS.CHARSET (ID, NAME) VALUES (158, 'X-UTF-32BE-BOM');
INSERT INTO DMS.CHARSET (ID, NAME) VALUES (159, 'X-UTF-32LE-BOM');
INSERT INTO DMS.CHARSET (ID, NAME) VALUES (160, 'X-WINDOWS-50220');
INSERT INTO DMS.CHARSET (ID, NAME) VALUES (161, 'X-WINDOWS-50221');
INSERT INTO DMS.CHARSET (ID, NAME) VALUES (162, 'X-WINDOWS-874');
INSERT INTO DMS.CHARSET (ID, NAME) VALUES (163, 'X-WINDOWS-949');
INSERT INTO DMS.CHARSET (ID, NAME) VALUES (164, 'X-WINDOWS-950');
INSERT INTO DMS.CHARSET (ID, NAME) VALUES (165, 'X-WINDOWS-ISO2022JP');

INSERT INTO DMS.ISO_LANGUAGE_CODE (CODE, LANGUAGE_ID, DEFAULT_CODE) VALUES ('EN', 1, TRUE);
INSERT INTO DMS.ISO_LANGUAGE_CODE (CODE, LANGUAGE_ID, DEFAULT_CODE) VALUES ('AR', 2, TRUE);
INSERT INTO DMS.ISO_LANGUAGE_CODE (CODE, LANGUAGE_ID, DEFAULT_CODE) VALUES ('AR-SA', 2, FALSE);
INSERT INTO DMS.ISO_LANGUAGE_CODE (CODE, LANGUAGE_ID, DEFAULT_CODE) VALUES ('CA', 3, TRUE);
INSERT INTO DMS.ISO_LANGUAGE_CODE (CODE, LANGUAGE_ID, DEFAULT_CODE) VALUES ('CA-ES', 4, TRUE);
INSERT INTO DMS.ISO_LANGUAGE_CODE (CODE, LANGUAGE_ID, DEFAULT_CODE) VALUES ('ZH', 5, TRUE);
INSERT INTO DMS.ISO_LANGUAGE_CODE (CODE, LANGUAGE_ID, DEFAULT_CODE) VALUES ('ZH-CN', 6, TRUE);
INSERT INTO DMS.ISO_LANGUAGE_CODE (CODE, LANGUAGE_ID, DEFAULT_CODE) VALUES ('CN', 6, FALSE);
INSERT INTO DMS.ISO_LANGUAGE_CODE (CODE, LANGUAGE_ID, DEFAULT_CODE) VALUES ('ZH-HK', 7, TRUE);
INSERT INTO DMS.ISO_LANGUAGE_CODE (CODE, LANGUAGE_ID, DEFAULT_CODE) VALUES ('ZH-TW', 8, TRUE);
INSERT INTO DMS.ISO_LANGUAGE_CODE (CODE, LANGUAGE_ID, DEFAULT_CODE) VALUES ('SH-TW', 8, FALSE);
INSERT INTO DMS.ISO_LANGUAGE_CODE (CODE, LANGUAGE_ID, DEFAULT_CODE) VALUES ('TW', 8, FALSE);
INSERT INTO DMS.ISO_LANGUAGE_CODE (CODE, LANGUAGE_ID, DEFAULT_CODE) VALUES ('HR', 9, TRUE);
INSERT INTO DMS.ISO_LANGUAGE_CODE (CODE, LANGUAGE_ID, DEFAULT_CODE) VALUES ('HR-HR', 9, FALSE);
INSERT INTO DMS.ISO_LANGUAGE_CODE (CODE, LANGUAGE_ID, DEFAULT_CODE) VALUES ('CS', 10, TRUE);
INSERT INTO DMS.ISO_LANGUAGE_CODE (CODE, LANGUAGE_ID, DEFAULT_CODE) VALUES ('CS-CZ', 10, FALSE);
INSERT INTO DMS.ISO_LANGUAGE_CODE (CODE, LANGUAGE_ID, DEFAULT_CODE) VALUES ('CZ', 10, FALSE);
INSERT INTO DMS.ISO_LANGUAGE_CODE (CODE, LANGUAGE_ID, DEFAULT_CODE) VALUES ('DA', 11, TRUE);
INSERT INTO DMS.ISO_LANGUAGE_CODE (CODE, LANGUAGE_ID, DEFAULT_CODE) VALUES ('DA-DK', 11, FALSE);
INSERT INTO DMS.ISO_LANGUAGE_CODE (CODE, LANGUAGE_ID, DEFAULT_CODE) VALUES ('NL-BE', 12, TRUE);
INSERT INTO DMS.ISO_LANGUAGE_CODE (CODE, LANGUAGE_ID, DEFAULT_CODE) VALUES ('NL', 13, TRUE);
INSERT INTO DMS.ISO_LANGUAGE_CODE (CODE, LANGUAGE_ID, DEFAULT_CODE) VALUES ('NL-NL', 13, FALSE);
INSERT INTO DMS.ISO_LANGUAGE_CODE (CODE, LANGUAGE_ID, DEFAULT_CODE) VALUES ('EN-AU', 14, TRUE);
INSERT INTO DMS.ISO_LANGUAGE_CODE (CODE, LANGUAGE_ID, DEFAULT_CODE) VALUES ('EN-GB', 15, TRUE);
INSERT INTO DMS.ISO_LANGUAGE_CODE (CODE, LANGUAGE_ID, DEFAULT_CODE) VALUES ('EN-US', 16, TRUE);
INSERT INTO DMS.ISO_LANGUAGE_CODE (CODE, LANGUAGE_ID, DEFAULT_CODE) VALUES ('US', 16, FALSE);
INSERT INTO DMS.ISO_LANGUAGE_CODE (CODE, LANGUAGE_ID, DEFAULT_CODE) VALUES ('ET', 17, TRUE);
INSERT INTO DMS.ISO_LANGUAGE_CODE (CODE, LANGUAGE_ID, DEFAULT_CODE) VALUES ('ET-EE', 17, FALSE);
INSERT INTO DMS.ISO_LANGUAGE_CODE (CODE, LANGUAGE_ID, DEFAULT_CODE) VALUES ('FI', 18, TRUE);
INSERT INTO DMS.ISO_LANGUAGE_CODE (CODE, LANGUAGE_ID, DEFAULT_CODE) VALUES ('FI-FI', 18, FALSE);
INSERT INTO DMS.ISO_LANGUAGE_CODE (CODE, LANGUAGE_ID, DEFAULT_CODE) VALUES ('FR-BE', 19, TRUE);
INSERT INTO DMS.ISO_LANGUAGE_CODE (CODE, LANGUAGE_ID, DEFAULT_CODE) VALUES ('FR-CA', 20, TRUE);
INSERT INTO DMS.ISO_LANGUAGE_CODE (CODE, LANGUAGE_ID, DEFAULT_CODE) VALUES ('FR', 21, TRUE);
INSERT INTO DMS.ISO_LANGUAGE_CODE (CODE, LANGUAGE_ID, DEFAULT_CODE) VALUES ('FR-FR', 21, FALSE);
INSERT INTO DMS.ISO_LANGUAGE_CODE (CODE, LANGUAGE_ID, DEFAULT_CODE) VALUES ('FR-CH', 22, TRUE);
INSERT INTO DMS.ISO_LANGUAGE_CODE (CODE, LANGUAGE_ID, DEFAULT_CODE) VALUES ('DE-AT', 23, TRUE);
INSERT INTO DMS.ISO_LANGUAGE_CODE (CODE, LANGUAGE_ID, DEFAULT_CODE) VALUES ('DE', 24, TRUE);
INSERT INTO DMS.ISO_LANGUAGE_CODE (CODE, LANGUAGE_ID, DEFAULT_CODE) VALUES ('DE-DE', 24, FALSE);
INSERT INTO DMS.ISO_LANGUAGE_CODE (CODE, LANGUAGE_ID, DEFAULT_CODE) VALUES ('DE-CH', 25, TRUE);
INSERT INTO DMS.ISO_LANGUAGE_CODE (CODE, LANGUAGE_ID, DEFAULT_CODE) VALUES ('EL', 26, TRUE);
INSERT INTO DMS.ISO_LANGUAGE_CODE (CODE, LANGUAGE_ID, DEFAULT_CODE) VALUES ('EL-GR', 26, FALSE);
INSERT INTO DMS.ISO_LANGUAGE_CODE (CODE, LANGUAGE_ID, DEFAULT_CODE) VALUES ('IW', 27, TRUE);
INSERT INTO DMS.ISO_LANGUAGE_CODE (CODE, LANGUAGE_ID, DEFAULT_CODE) VALUES ('HE', 27, FALSE);
INSERT INTO DMS.ISO_LANGUAGE_CODE (CODE, LANGUAGE_ID, DEFAULT_CODE) VALUES ('HU', 28, TRUE);
INSERT INTO DMS.ISO_LANGUAGE_CODE (CODE, LANGUAGE_ID, DEFAULT_CODE) VALUES ('HU-HU', 28, FALSE);
INSERT INTO DMS.ISO_LANGUAGE_CODE (CODE, LANGUAGE_ID, DEFAULT_CODE) VALUES ('IS', 58, TRUE);
INSERT INTO DMS.ISO_LANGUAGE_CODE (CODE, LANGUAGE_ID, DEFAULT_CODE) VALUES ('IT', 29, TRUE);
INSERT INTO DMS.ISO_LANGUAGE_CODE (CODE, LANGUAGE_ID, DEFAULT_CODE) VALUES ('IT-IT', 29, FALSE);
INSERT INTO DMS.ISO_LANGUAGE_CODE (CODE, LANGUAGE_ID, DEFAULT_CODE) VALUES ('IT-CH', 30, TRUE);
INSERT INTO DMS.ISO_LANGUAGE_CODE (CODE, LANGUAGE_ID, DEFAULT_CODE) VALUES ('JA', 31, TRUE);
INSERT INTO DMS.ISO_LANGUAGE_CODE (CODE, LANGUAGE_ID, DEFAULT_CODE) VALUES ('JA-JP', 31, FALSE);
INSERT INTO DMS.ISO_LANGUAGE_CODE (CODE, LANGUAGE_ID, DEFAULT_CODE) VALUES ('KO', 32, TRUE);
INSERT INTO DMS.ISO_LANGUAGE_CODE (CODE, LANGUAGE_ID, DEFAULT_CODE) VALUES ('KO-KR', 32, FALSE);
INSERT INTO DMS.ISO_LANGUAGE_CODE (CODE, LANGUAGE_ID, DEFAULT_CODE) VALUES ('KO-HR', 32, FALSE);
INSERT INTO DMS.ISO_LANGUAGE_CODE (CODE, LANGUAGE_ID, DEFAULT_CODE) VALUES ('KR', 32, FALSE);
INSERT INTO DMS.ISO_LANGUAGE_CODE (CODE, LANGUAGE_ID, DEFAULT_CODE) VALUES ('LV', 33, TRUE);
INSERT INTO DMS.ISO_LANGUAGE_CODE (CODE, LANGUAGE_ID, DEFAULT_CODE) VALUES ('LV-LV', 33, FALSE);
INSERT INTO DMS.ISO_LANGUAGE_CODE (CODE, LANGUAGE_ID, DEFAULT_CODE) VALUES ('LT', 34, TRUE);
INSERT INTO DMS.ISO_LANGUAGE_CODE (CODE, LANGUAGE_ID, DEFAULT_CODE) VALUES ('LT-LT', 34, FALSE);
INSERT INTO DMS.ISO_LANGUAGE_CODE (CODE, LANGUAGE_ID, DEFAULT_CODE) VALUES ('NO', 35, TRUE);
INSERT INTO DMS.ISO_LANGUAGE_CODE (CODE, LANGUAGE_ID, DEFAULT_CODE) VALUES ('NO-NO', 35, FALSE);
INSERT INTO DMS.ISO_LANGUAGE_CODE (CODE, LANGUAGE_ID, DEFAULT_CODE) VALUES ('PL', 36, TRUE);
INSERT INTO DMS.ISO_LANGUAGE_CODE (CODE, LANGUAGE_ID, DEFAULT_CODE) VALUES ('PL-PL', 36, FALSE);
INSERT INTO DMS.ISO_LANGUAGE_CODE (CODE, LANGUAGE_ID, DEFAULT_CODE) VALUES ('PT-BR', 37, TRUE);
INSERT INTO DMS.ISO_LANGUAGE_CODE (CODE, LANGUAGE_ID, DEFAULT_CODE) VALUES ('PT', 38, TRUE);
INSERT INTO DMS.ISO_LANGUAGE_CODE (CODE, LANGUAGE_ID, DEFAULT_CODE) VALUES ('PT-PT', 38, FALSE);
INSERT INTO DMS.ISO_LANGUAGE_CODE (CODE, LANGUAGE_ID, DEFAULT_CODE) VALUES ('RO', 39, TRUE);
INSERT INTO DMS.ISO_LANGUAGE_CODE (CODE, LANGUAGE_ID, DEFAULT_CODE) VALUES ('RO-RO', 39, FALSE);
INSERT INTO DMS.ISO_LANGUAGE_CODE (CODE, LANGUAGE_ID, DEFAULT_CODE) VALUES ('RU', 40, TRUE);
INSERT INTO DMS.ISO_LANGUAGE_CODE (CODE, LANGUAGE_ID, DEFAULT_CODE) VALUES ('RU-RU', 40, FALSE);
INSERT INTO DMS.ISO_LANGUAGE_CODE (CODE, LANGUAGE_ID, DEFAULT_CODE) VALUES ('SR', 41, TRUE);
INSERT INTO DMS.ISO_LANGUAGE_CODE (CODE, LANGUAGE_ID, DEFAULT_CODE) VALUES ('SR-YU', 41, FALSE);
INSERT INTO DMS.ISO_LANGUAGE_CODE (CODE, LANGUAGE_ID, DEFAULT_CODE) VALUES ('SK', 42, TRUE);
INSERT INTO DMS.ISO_LANGUAGE_CODE (CODE, LANGUAGE_ID, DEFAULT_CODE) VALUES ('SK-SK', 42, FALSE);
INSERT INTO DMS.ISO_LANGUAGE_CODE (CODE, LANGUAGE_ID, DEFAULT_CODE) VALUES ('SL', 43, TRUE);
INSERT INTO DMS.ISO_LANGUAGE_CODE (CODE, LANGUAGE_ID, DEFAULT_CODE) VALUES ('SL-SI', 43, FALSE);
INSERT INTO DMS.ISO_LANGUAGE_CODE (CODE, LANGUAGE_ID, DEFAULT_CODE) VALUES ('ES-MX', 44, TRUE);
INSERT INTO DMS.ISO_LANGUAGE_CODE (CODE, LANGUAGE_ID, DEFAULT_CODE) VALUES ('ES', 45, TRUE);
INSERT INTO DMS.ISO_LANGUAGE_CODE (CODE, LANGUAGE_ID, DEFAULT_CODE) VALUES ('ES-ES', 45, FALSE);
INSERT INTO DMS.ISO_LANGUAGE_CODE (CODE, LANGUAGE_ID, DEFAULT_CODE) VALUES ('SV', 46, TRUE);
INSERT INTO DMS.ISO_LANGUAGE_CODE (CODE, LANGUAGE_ID, DEFAULT_CODE) VALUES ('SV-SE', 46, FALSE);
INSERT INTO DMS.ISO_LANGUAGE_CODE (CODE, LANGUAGE_ID, DEFAULT_CODE) VALUES ('TH', 47, TRUE);
INSERT INTO DMS.ISO_LANGUAGE_CODE (CODE, LANGUAGE_ID, DEFAULT_CODE) VALUES ('TH-TH', 47, FALSE);
INSERT INTO DMS.ISO_LANGUAGE_CODE (CODE, LANGUAGE_ID, DEFAULT_CODE) VALUES ('TR', 48, TRUE);
INSERT INTO DMS.ISO_LANGUAGE_CODE (CODE, LANGUAGE_ID, DEFAULT_CODE) VALUES ('TR-TR', 48, FALSE);

-- EXTRA CODE FOR DICTIONARY.CONF .
INSERT INTO DMS.ISO_LANGUAGE_CODE (LANGUAGE_ID, CODE, DEFAULT_CODE) VALUES (49, 'EN-CN', TRUE);
INSERT INTO DMS.ISO_LANGUAGE_CODE (LANGUAGE_ID, CODE, DEFAULT_CODE) VALUES (50, 'EN-GR', TRUE);
INSERT INTO DMS.ISO_LANGUAGE_CODE (LANGUAGE_ID, CODE, DEFAULT_CODE) VALUES (51, 'EN-CA', TRUE);
INSERT INTO DMS.ISO_LANGUAGE_CODE (LANGUAGE_ID, CODE, DEFAULT_CODE) VALUES (52, 'EN-TW', TRUE);
INSERT INTO DMS.ISO_LANGUAGE_CODE (LANGUAGE_ID, CODE, DEFAULT_CODE) VALUES (53, 'EN-MA', TRUE);
INSERT INTO DMS.ISO_LANGUAGE_CODE (LANGUAGE_ID, CODE, DEFAULT_CODE) VALUES (54, 'EN-RU', TRUE);
INSERT INTO DMS.ISO_LANGUAGE_CODE (LANGUAGE_ID, CODE, DEFAULT_CODE) VALUES (55, 'ES-AR', TRUE);
INSERT INTO DMS.ISO_LANGUAGE_CODE (LANGUAGE_ID, CODE, DEFAULT_CODE) VALUES (56, 'FR-MA', TRUE);
INSERT INTO DMS.ISO_LANGUAGE_CODE (LANGUAGE_ID, CODE, DEFAULT_CODE) VALUES (57, 'SR-CS', TRUE);

--ALTER SEQUENCE ID_PREFERRED_REFERENCE RESTART WITH 100;