
-- DELETE FROM `APPLICATION`;
-- DELETE FROM `PRODUCT_VERSION`;
-- DELETE FROM `PRODUCT`;
-- DELETE FROM `ALCATEL_LANGUAGE_CODE`;
-- DELETE FROM `LANGUAGE`;
-- DELETE FROM `CHARSET`;

INSERT INTO `PRODUCT` (`ID`,`NAME`) VALUES (1   ,'test');
INSERT INTO `PRODUCT_VERSION` (`ID`,`NAME`,`PRODUCT_ID`) VALUES (1,'0.1' ,1 );
INSERT INTO `APPLICATION` (`ID`,`NAME`   ,`PRODUCT_VERSION_ID`) VALUES(1,'testapp',1);


INSERT INTO language(ID,NAME) VALUES (1,'English');
INSERT INTO language(ID,NAME) VALUES (2,'Arabic');
INSERT INTO language(ID,NAME) VALUES (3,'Catalan');
INSERT INTO language(ID,NAME) VALUES (4,'Catalan (Spain)');
INSERT INTO language(ID,NAME) VALUES (5,'Chinese');
INSERT INTO language(ID,NAME) VALUES (6,'Chinese (China)');
INSERT INTO language(ID,NAME) VALUES (7,'Chinese (Hong Kong)');
INSERT INTO language(ID,NAME) VALUES (8,'Chinese (Taiwan)');
INSERT INTO language(ID,NAME) VALUES (9,'Croatia');
INSERT INTO language(ID,NAME) VALUES (10,'Czech');
INSERT INTO language(ID,NAME) VALUES (11,'Danish');
INSERT INTO language(ID,NAME) VALUES (12,'Dutch (Belgium)');
INSERT INTO language(ID,NAME) VALUES (13,'Dutch (Netherlands)');
INSERT INTO language(ID,NAME) VALUES (14,'English (Australia)');
INSERT INTO language(ID,NAME) VALUES (15,'English (United Kingdom)');
INSERT INTO language(ID,NAME) VALUES (16,'English (United States)');
INSERT INTO language(ID,NAME) VALUES (17,'Estonia');
INSERT INTO language(ID,NAME) VALUES (18,'Finnish');
INSERT INTO language(ID,NAME) VALUES (19,'French (Belgium)');
INSERT INTO language(ID,NAME) VALUES (20,'French (Canada)');
INSERT INTO language(ID,NAME) VALUES (21,'French (France)');
INSERT INTO language(ID,NAME) VALUES (22,'French (Switzerland)');
INSERT INTO language(ID,NAME) VALUES (23,'German (Austria)');
INSERT INTO language(ID,NAME) VALUES (24,'German (Germany)');
INSERT INTO language(ID,NAME) VALUES (25,'German (Switzerland)');
INSERT INTO language(ID,NAME) VALUES (26,'Greek');
INSERT INTO language(ID,NAME) VALUES (27,'Hebrew');
INSERT INTO language(ID,NAME) VALUES (28,'Hungarian');
INSERT INTO language(ID,NAME) VALUES (29,'Italian (Italy)');
INSERT INTO language(ID,NAME) VALUES (30,'Italian (Switzerland)');
INSERT INTO language(ID,NAME) VALUES (31,'Japanese');
INSERT INTO language(ID,NAME) VALUES (32,'Korean');
INSERT INTO language(ID,NAME) VALUES (33,'Latvian');
INSERT INTO language(ID,NAME) VALUES (34,'Lithuania');
INSERT INTO language(ID,NAME) VALUES (35,'Norvegian');
INSERT INTO language(ID,NAME) VALUES (36,'Polish');
INSERT INTO language(ID,NAME) VALUES (37,'Portuguese (Brazil)');
INSERT INTO language(ID,NAME) VALUES (38,'Portuguese (Portugal)');
INSERT INTO language(ID,NAME) VALUES (39,'Rumania');
INSERT INTO language(ID,NAME) VALUES (40,'Russian');
INSERT INTO language(ID,NAME) VALUES (41,'Serbian');
INSERT INTO language(ID,NAME) VALUES (42,'Slovakian');
INSERT INTO language(ID,NAME) VALUES (43,'Slovenian');
INSERT INTO language(ID,NAME) VALUES (44,'Spanish (Mexico)');
INSERT INTO language(ID,NAME) VALUES (45,'Spanish (Spain)');
INSERT INTO language(ID,NAME) VALUES (46,'Swedish');
INSERT INTO language(ID,NAME) VALUES (47,'Thai');
INSERT INTO language(ID,NAME) VALUES (48,'Turkish');

INSERT INTO ALCATEL_LANGUAGE_CODE(CODE,LANGUAGE_ID,DEFAULT_CODE) VALUES ('GAE',1,1);
INSERT INTO ALCATEL_LANGUAGE_CODE(CODE,LANGUAGE_ID,DEFAULT_CODE) VALUES ('AR0',2,1);
INSERT INTO ALCATEL_LANGUAGE_CODE(CODE,LANGUAGE_ID,DEFAULT_CODE) VALUES ('ES1',4,1);
INSERT INTO ALCATEL_LANGUAGE_CODE(CODE,LANGUAGE_ID,DEFAULT_CODE) VALUES ('CH0',6,1);
INSERT INTO ALCATEL_LANGUAGE_CODE(CODE,LANGUAGE_ID,DEFAULT_CODE) VALUES ('ZH0',6,0);
INSERT INTO ALCATEL_LANGUAGE_CODE(CODE,LANGUAGE_ID,DEFAULT_CODE) VALUES ('HK0',7,1);
INSERT INTO ALCATEL_LANGUAGE_CODE(CODE,LANGUAGE_ID,DEFAULT_CODE) VALUES ('CH1',8,1);
INSERT INTO ALCATEL_LANGUAGE_CODE(CODE,LANGUAGE_ID,DEFAULT_CODE) VALUES ('TW0',8,0);
INSERT INTO ALCATEL_LANGUAGE_CODE(CODE,LANGUAGE_ID,DEFAULT_CODE) VALUES ('HR0',9,1);
INSERT INTO ALCATEL_LANGUAGE_CODE(CODE,LANGUAGE_ID,DEFAULT_CODE) VALUES ('CS0',10,1);
INSERT INTO ALCATEL_LANGUAGE_CODE(CODE,LANGUAGE_ID,DEFAULT_CODE) VALUES ('DA0',11,1);
INSERT INTO ALCATEL_LANGUAGE_CODE(CODE,LANGUAGE_ID,DEFAULT_CODE) VALUES ('NL1',12,1);
INSERT INTO ALCATEL_LANGUAGE_CODE(CODE,LANGUAGE_ID,DEFAULT_CODE) VALUES ('NL0',13,1);
INSERT INTO ALCATEL_LANGUAGE_CODE(CODE,LANGUAGE_ID,DEFAULT_CODE) VALUES ('AS0',14,1);
INSERT INTO ALCATEL_LANGUAGE_CODE(CODE,LANGUAGE_ID,DEFAULT_CODE) VALUES ('EN0',15,1);
INSERT INTO ALCATEL_LANGUAGE_CODE(CODE,LANGUAGE_ID,DEFAULT_CODE) VALUES ('US0',16,1);
INSERT INTO ALCATEL_LANGUAGE_CODE(CODE,LANGUAGE_ID,DEFAULT_CODE) VALUES ('EE0',17,1);
INSERT INTO ALCATEL_LANGUAGE_CODE(CODE,LANGUAGE_ID,DEFAULT_CODE) VALUES ('FI0',18,1);
INSERT INTO ALCATEL_LANGUAGE_CODE(CODE,LANGUAGE_ID,DEFAULT_CODE) VALUES ('FR2',19,1);
INSERT INTO ALCATEL_LANGUAGE_CODE(CODE,LANGUAGE_ID,DEFAULT_CODE) VALUES ('FR0',21,1);
INSERT INTO ALCATEL_LANGUAGE_CODE(CODE,LANGUAGE_ID,DEFAULT_CODE) VALUES ('FR1',22,1);
INSERT INTO ALCATEL_LANGUAGE_CODE(CODE,LANGUAGE_ID,DEFAULT_CODE) VALUES ('DE1',23,1);
INSERT INTO ALCATEL_LANGUAGE_CODE(CODE,LANGUAGE_ID,DEFAULT_CODE) VALUES ('DE0',24,1);
INSERT INTO ALCATEL_LANGUAGE_CODE(CODE,LANGUAGE_ID,DEFAULT_CODE) VALUES ('DE2',25,1);
INSERT INTO ALCATEL_LANGUAGE_CODE(CODE,LANGUAGE_ID,DEFAULT_CODE) VALUES ('GR0',26,1);
INSERT INTO ALCATEL_LANGUAGE_CODE(CODE,LANGUAGE_ID,DEFAULT_CODE) VALUES ('HE0',27,1);
INSERT INTO ALCATEL_LANGUAGE_CODE(CODE,LANGUAGE_ID,DEFAULT_CODE) VALUES ('HU0',28,1);
INSERT INTO ALCATEL_LANGUAGE_CODE(CODE,LANGUAGE_ID,DEFAULT_CODE) VALUES ('IT0',29,1);
INSERT INTO ALCATEL_LANGUAGE_CODE(CODE,LANGUAGE_ID,DEFAULT_CODE) VALUES ('IT1',30,1);
INSERT INTO ALCATEL_LANGUAGE_CODE(CODE,LANGUAGE_ID,DEFAULT_CODE) VALUES ('JP0',31,1);
INSERT INTO ALCATEL_LANGUAGE_CODE(CODE,LANGUAGE_ID,DEFAULT_CODE) VALUES ('KO0',32,1);
INSERT INTO ALCATEL_LANGUAGE_CODE(CODE,LANGUAGE_ID,DEFAULT_CODE) VALUES ('LV0',33,1);
INSERT INTO ALCATEL_LANGUAGE_CODE(CODE,LANGUAGE_ID,DEFAULT_CODE) VALUES ('LT0',34,1);
INSERT INTO ALCATEL_LANGUAGE_CODE(CODE,LANGUAGE_ID,DEFAULT_CODE) VALUES ('NO0',35,1);
INSERT INTO ALCATEL_LANGUAGE_CODE(CODE,LANGUAGE_ID,DEFAULT_CODE) VALUES ('PL0',36,1);
INSERT INTO ALCATEL_LANGUAGE_CODE(CODE,LANGUAGE_ID,DEFAULT_CODE) VALUES ('PT1',37,1);
INSERT INTO ALCATEL_LANGUAGE_CODE(CODE,LANGUAGE_ID,DEFAULT_CODE) VALUES ('PT0',38,1);
INSERT INTO ALCATEL_LANGUAGE_CODE(CODE,LANGUAGE_ID,DEFAULT_CODE) VALUES ('RO0',39,1);
INSERT INTO ALCATEL_LANGUAGE_CODE(CODE,LANGUAGE_ID,DEFAULT_CODE) VALUES ('RU0',40,1);
INSERT INTO ALCATEL_LANGUAGE_CODE(CODE,LANGUAGE_ID,DEFAULT_CODE) VALUES ('YU0',41,1);
INSERT INTO ALCATEL_LANGUAGE_CODE(CODE,LANGUAGE_ID,DEFAULT_CODE) VALUES ('SK0',42,1);
INSERT INTO ALCATEL_LANGUAGE_CODE(CODE,LANGUAGE_ID,DEFAULT_CODE) VALUES ('SI0',43,1);
INSERT INTO ALCATEL_LANGUAGE_CODE(CODE,LANGUAGE_ID,DEFAULT_CODE) VALUES ('ES0',45,1);
INSERT INTO ALCATEL_LANGUAGE_CODE(CODE,LANGUAGE_ID,DEFAULT_CODE) VALUES ('SV0',46,1);
INSERT INTO ALCATEL_LANGUAGE_CODE(CODE,LANGUAGE_ID,DEFAULT_CODE) VALUES ('TA0',47,1);
INSERT INTO ALCATEL_LANGUAGE_CODE(CODE,LANGUAGE_ID,DEFAULT_CODE) VALUES ('TR0',48,1);

INSERT INTO CHARSET(NAME) values ('Big5');
INSERT INTO CHARSET(NAME) values ('Big5-HKSCS');
INSERT INTO CHARSET(NAME) values ('EUC-JP');
INSERT INTO CHARSET(NAME) values ('EUC-KR');
INSERT INTO CHARSET(NAME) values ('GB18030');
INSERT INTO CHARSET(NAME) values ('GB2312');
INSERT INTO CHARSET(NAME) values ('GBK');
INSERT INTO CHARSET(NAME) values ('IBM-Thai');
INSERT INTO CHARSET(NAME) values ('IBM00858');
INSERT INTO CHARSET(NAME) values ('IBM01140');
INSERT INTO CHARSET(NAME) values ('IBM01141');
INSERT INTO CHARSET(NAME) values ('IBM01142');
INSERT INTO CHARSET(NAME) values ('IBM01143');
INSERT INTO CHARSET(NAME) values ('IBM01144');
INSERT INTO CHARSET(NAME) values ('IBM01145');
INSERT INTO CHARSET(NAME) values ('IBM01146');
INSERT INTO CHARSET(NAME) values ('IBM01147');
INSERT INTO CHARSET(NAME) values ('IBM01148');
INSERT INTO CHARSET(NAME) values ('IBM01149');
INSERT INTO CHARSET(NAME) values ('IBM037');
INSERT INTO CHARSET(NAME) values ('IBM1026');
INSERT INTO CHARSET(NAME) values ('IBM1047');
INSERT INTO CHARSET(NAME) values ('IBM273');
INSERT INTO CHARSET(NAME) values ('IBM277');
INSERT INTO CHARSET(NAME) values ('IBM278');
INSERT INTO CHARSET(NAME) values ('IBM280');
INSERT INTO CHARSET(NAME) values ('IBM284');
INSERT INTO CHARSET(NAME) values ('IBM285');
INSERT INTO CHARSET(NAME) values ('IBM297');
INSERT INTO CHARSET(NAME) values ('IBM420');
INSERT INTO CHARSET(NAME) values ('IBM424');
INSERT INTO CHARSET(NAME) values ('IBM437');
INSERT INTO CHARSET(NAME) values ('IBM500');
INSERT INTO CHARSET(NAME) values ('IBM775');
INSERT INTO CHARSET(NAME) values ('IBM850');
INSERT INTO CHARSET(NAME) values ('IBM852');
INSERT INTO CHARSET(NAME) values ('IBM855');
INSERT INTO CHARSET(NAME) values ('IBM857');
INSERT INTO CHARSET(NAME) values ('IBM860');
INSERT INTO CHARSET(NAME) values ('IBM861');
INSERT INTO CHARSET(NAME) values ('IBM862');
INSERT INTO CHARSET(NAME) values ('IBM863');
INSERT INTO CHARSET(NAME) values ('IBM864');
INSERT INTO CHARSET(NAME) values ('IBM865');
INSERT INTO CHARSET(NAME) values ('IBM866');
INSERT INTO CHARSET(NAME) values ('IBM868');
INSERT INTO CHARSET(NAME) values ('IBM869');
INSERT INTO CHARSET(NAME) values ('IBM870');
INSERT INTO CHARSET(NAME) values ('IBM871');
INSERT INTO CHARSET(NAME) values ('IBM918');
INSERT INTO CHARSET(NAME) values ('ISO-2022-CN');
INSERT INTO CHARSET(NAME) values ('ISO-2022-JP');
INSERT INTO CHARSET(NAME) values ('ISO-2022-JP-2');
INSERT INTO CHARSET(NAME) values ('ISO-2022-KR');
INSERT INTO CHARSET(NAME) values ('ISO-8859-1');
INSERT INTO CHARSET(NAME) values ('ISO-8859-13');
INSERT INTO CHARSET(NAME) values ('ISO-8859-15');
INSERT INTO CHARSET(NAME) values ('ISO-8859-2');
INSERT INTO CHARSET(NAME) values ('ISO-8859-3');
INSERT INTO CHARSET(NAME) values ('ISO-8859-4');
INSERT INTO CHARSET(NAME) values ('ISO-8859-5');
INSERT INTO CHARSET(NAME) values ('ISO-8859-6');
INSERT INTO CHARSET(NAME) values ('ISO-8859-7');
INSERT INTO CHARSET(NAME) values ('ISO-8859-8');
INSERT INTO CHARSET(NAME) values ('ISO-8859-9');
INSERT INTO CHARSET(NAME) values ('JIS_X0201');
INSERT INTO CHARSET(NAME) values ('JIS_X0212-1990');
INSERT INTO CHARSET(NAME) values ('KOI8-R');
INSERT INTO CHARSET(NAME) values ('KOI8-U');
INSERT INTO CHARSET(NAME) values ('Shift_JIS');
INSERT INTO CHARSET(NAME) values ('TIS-620');
INSERT INTO CHARSET(NAME) values ('US-ASCII');
INSERT INTO CHARSET(NAME) values ('UTF-16');
INSERT INTO CHARSET(NAME) values ('UTF-16BE');
INSERT INTO CHARSET(NAME) values ('UTF-16LE');
INSERT INTO CHARSET(NAME) values ('UTF-32');
INSERT INTO CHARSET(NAME) values ('UTF-32BE');
INSERT INTO CHARSET(NAME) values ('UTF-32LE');
INSERT INTO CHARSET(NAME) values ('UTF-8');
INSERT INTO CHARSET(NAME) values ('windows-1250');
INSERT INTO CHARSET(NAME) values ('windows-1251');
INSERT INTO CHARSET(NAME) values ('windows-1252');
INSERT INTO CHARSET(NAME) values ('windows-1253');
INSERT INTO CHARSET(NAME) values ('windows-1254');
INSERT INTO CHARSET(NAME) values ('windows-1255');
INSERT INTO CHARSET(NAME) values ('windows-1256');
INSERT INTO CHARSET(NAME) values ('windows-1257');
INSERT INTO CHARSET(NAME) values ('windows-1258');
INSERT INTO CHARSET(NAME) values ('windows-31j');

INSERT INTO ISO_LANGUAGE_CODE(CODE,LANGUAGE_ID,DEFAULT_CODE) VALUES('en',1,1);
INSERT INTO ISO_LANGUAGE_CODE(CODE,LANGUAGE_ID,DEFAULT_CODE) VALUES('ar',2,1);
INSERT INTO ISO_LANGUAGE_CODE(CODE,LANGUAGE_ID,DEFAULT_CODE) VALUES('ca',3,1);
INSERT INTO ISO_LANGUAGE_CODE(CODE,LANGUAGE_ID,DEFAULT_CODE) VALUES('ca-ES',4,1);
INSERT INTO ISO_LANGUAGE_CODE(CODE,LANGUAGE_ID,DEFAULT_CODE) VALUES('zh',5,1);
INSERT INTO ISO_LANGUAGE_CODE(CODE,LANGUAGE_ID,DEFAULT_CODE) VALUES('zh-CN',6,1);
INSERT INTO ISO_LANGUAGE_CODE(CODE,LANGUAGE_ID,DEFAULT_CODE) VALUES('zh-HK',7,1);
INSERT INTO ISO_LANGUAGE_CODE(CODE,LANGUAGE_ID,DEFAULT_CODE) VALUES('zh-TW',8,1);
INSERT INTO ISO_LANGUAGE_CODE(CODE,LANGUAGE_ID,DEFAULT_CODE) VALUES('hr',9,1);
INSERT INTO ISO_LANGUAGE_CODE(CODE,LANGUAGE_ID,DEFAULT_CODE) VALUES('hr-HR',9,0);
INSERT INTO ISO_LANGUAGE_CODE(CODE,LANGUAGE_ID,DEFAULT_CODE) VALUES('cs',10,1);
INSERT INTO ISO_LANGUAGE_CODE(CODE,LANGUAGE_ID,DEFAULT_CODE) VALUES('cs-CZ',10,0);
INSERT INTO ISO_LANGUAGE_CODE(CODE,LANGUAGE_ID,DEFAULT_CODE) VALUES('da',11,1);
INSERT INTO ISO_LANGUAGE_CODE(CODE,LANGUAGE_ID,DEFAULT_CODE) VALUES('da-DK',11,0);
INSERT INTO ISO_LANGUAGE_CODE(CODE,LANGUAGE_ID,DEFAULT_CODE) VALUES('nl-BE',12,1);
INSERT INTO ISO_LANGUAGE_CODE(CODE,LANGUAGE_ID,DEFAULT_CODE) VALUES('nl',13,1);
INSERT INTO ISO_LANGUAGE_CODE(CODE,LANGUAGE_ID,DEFAULT_CODE) VALUES('nl-NL',13,0);
INSERT INTO ISO_LANGUAGE_CODE(CODE,LANGUAGE_ID,DEFAULT_CODE) VALUES('en-AU',14,1);
INSERT INTO ISO_LANGUAGE_CODE(CODE,LANGUAGE_ID,DEFAULT_CODE) VALUES('en-GB',15,1);
INSERT INTO ISO_LANGUAGE_CODE(CODE,LANGUAGE_ID,DEFAULT_CODE) VALUES('en-US',16,1);
INSERT INTO ISO_LANGUAGE_CODE(CODE,LANGUAGE_ID,DEFAULT_CODE) VALUES('et-EE',17,1);
INSERT INTO ISO_LANGUAGE_CODE(CODE,LANGUAGE_ID,DEFAULT_CODE) VALUES('fi',18,1);
INSERT INTO ISO_LANGUAGE_CODE(CODE,LANGUAGE_ID,DEFAULT_CODE) VALUES('fi-FI',18,0);
INSERT INTO ISO_LANGUAGE_CODE(CODE,LANGUAGE_ID,DEFAULT_CODE) VALUES('fr-BE',19,1);
INSERT INTO ISO_LANGUAGE_CODE(CODE,LANGUAGE_ID,DEFAULT_CODE) VALUES('fr-CA',20,1);
INSERT INTO ISO_LANGUAGE_CODE(CODE,LANGUAGE_ID,DEFAULT_CODE) VALUES('fr',21,1);
INSERT INTO ISO_LANGUAGE_CODE(CODE,LANGUAGE_ID,DEFAULT_CODE) VALUES('fr-FR',21,0);
INSERT INTO ISO_LANGUAGE_CODE(CODE,LANGUAGE_ID,DEFAULT_CODE) VALUES('fr-CH',22,1);
INSERT INTO ISO_LANGUAGE_CODE(CODE,LANGUAGE_ID,DEFAULT_CODE) VALUES('de-AT',23,1);
INSERT INTO ISO_LANGUAGE_CODE(CODE,LANGUAGE_ID,DEFAULT_CODE) VALUES('de',24,1);
INSERT INTO ISO_LANGUAGE_CODE(CODE,LANGUAGE_ID,DEFAULT_CODE) VALUES('de-DE',24,0);
INSERT INTO ISO_LANGUAGE_CODE(CODE,LANGUAGE_ID,DEFAULT_CODE) VALUES('de-CH',25,1);
INSERT INTO ISO_LANGUAGE_CODE(CODE,LANGUAGE_ID,DEFAULT_CODE) VALUES('el',26,1);
INSERT INTO ISO_LANGUAGE_CODE(CODE,LANGUAGE_ID,DEFAULT_CODE) VALUES('el-GR',26,0);
INSERT INTO ISO_LANGUAGE_CODE(CODE,LANGUAGE_ID,DEFAULT_CODE) VALUES('iw',27,1);
INSERT INTO ISO_LANGUAGE_CODE(CODE,LANGUAGE_ID,DEFAULT_CODE) VALUES('he',27,0);
INSERT INTO ISO_LANGUAGE_CODE(CODE,LANGUAGE_ID,DEFAULT_CODE) VALUES('hu',28,1);
INSERT INTO ISO_LANGUAGE_CODE(CODE,LANGUAGE_ID,DEFAULT_CODE) VALUES('hu-HU',28,0);
INSERT INTO ISO_LANGUAGE_CODE(CODE,LANGUAGE_ID,DEFAULT_CODE) VALUES('it',29,1);
INSERT INTO ISO_LANGUAGE_CODE(CODE,LANGUAGE_ID,DEFAULT_CODE) VALUES('it-IT',29,0);
INSERT INTO ISO_LANGUAGE_CODE(CODE,LANGUAGE_ID,DEFAULT_CODE) VALUES('it-CH',30,1);
INSERT INTO ISO_LANGUAGE_CODE(CODE,LANGUAGE_ID,DEFAULT_CODE) VALUES('ja',31,1);
INSERT INTO ISO_LANGUAGE_CODE(CODE,LANGUAGE_ID,DEFAULT_CODE) VALUES('ja-JP',31,0);
INSERT INTO ISO_LANGUAGE_CODE(CODE,LANGUAGE_ID,DEFAULT_CODE) VALUES('ko',32,1);
INSERT INTO ISO_LANGUAGE_CODE(CODE,LANGUAGE_ID,DEFAULT_CODE) VALUES('ko-KR',32,0);
INSERT INTO ISO_LANGUAGE_CODE(CODE,LANGUAGE_ID,DEFAULT_CODE) VALUES('lv',33,1);
INSERT INTO ISO_LANGUAGE_CODE(CODE,LANGUAGE_ID,DEFAULT_CODE) VALUES('lv-LV',33,0);
INSERT INTO ISO_LANGUAGE_CODE(CODE,LANGUAGE_ID,DEFAULT_CODE) VALUES('lt',34,1);
INSERT INTO ISO_LANGUAGE_CODE(CODE,LANGUAGE_ID,DEFAULT_CODE) VALUES('lt-LT',34,0);
INSERT INTO ISO_LANGUAGE_CODE(CODE,LANGUAGE_ID,DEFAULT_CODE) VALUES('no',35,1);
INSERT INTO ISO_LANGUAGE_CODE(CODE,LANGUAGE_ID,DEFAULT_CODE) VALUES('no-NO',35,0);
INSERT INTO ISO_LANGUAGE_CODE(CODE,LANGUAGE_ID,DEFAULT_CODE) VALUES('pl',36,1);
INSERT INTO ISO_LANGUAGE_CODE(CODE,LANGUAGE_ID,DEFAULT_CODE) VALUES('pl-PL',36,0);
INSERT INTO ISO_LANGUAGE_CODE(CODE,LANGUAGE_ID,DEFAULT_CODE) VALUES('pt-BR',37,1);
INSERT INTO ISO_LANGUAGE_CODE(CODE,LANGUAGE_ID,DEFAULT_CODE) VALUES('pt',38,1);
INSERT INTO ISO_LANGUAGE_CODE(CODE,LANGUAGE_ID,DEFAULT_CODE) VALUES('pt-PT',38,0);
INSERT INTO ISO_LANGUAGE_CODE(CODE,LANGUAGE_ID,DEFAULT_CODE) VALUES('ro',39,1);
INSERT INTO ISO_LANGUAGE_CODE(CODE,LANGUAGE_ID,DEFAULT_CODE) VALUES('ro-RO',39,0);
INSERT INTO ISO_LANGUAGE_CODE(CODE,LANGUAGE_ID,DEFAULT_CODE) VALUES('ru',40,1);
INSERT INTO ISO_LANGUAGE_CODE(CODE,LANGUAGE_ID,DEFAULT_CODE) VALUES('ru-RU',40,0);
INSERT INTO ISO_LANGUAGE_CODE(CODE,LANGUAGE_ID,DEFAULT_CODE) VALUES('sr',41,1);
INSERT INTO ISO_LANGUAGE_CODE(CODE,LANGUAGE_ID,DEFAULT_CODE) VALUES('sr-YU',41,0);
INSERT INTO ISO_LANGUAGE_CODE(CODE,LANGUAGE_ID,DEFAULT_CODE) VALUES('sk',42,1);
INSERT INTO ISO_LANGUAGE_CODE(CODE,LANGUAGE_ID,DEFAULT_CODE) VALUES('sk-SK',42,0);
INSERT INTO ISO_LANGUAGE_CODE(CODE,LANGUAGE_ID,DEFAULT_CODE) VALUES('sl',43,1);
INSERT INTO ISO_LANGUAGE_CODE(CODE,LANGUAGE_ID,DEFAULT_CODE) VALUES('sl-SI',43,0);
INSERT INTO ISO_LANGUAGE_CODE(CODE,LANGUAGE_ID,DEFAULT_CODE) VALUES('es-MX',44,1);
INSERT INTO ISO_LANGUAGE_CODE(CODE,LANGUAGE_ID,DEFAULT_CODE) VALUES('es',45,1);
INSERT INTO ISO_LANGUAGE_CODE(CODE,LANGUAGE_ID,DEFAULT_CODE) VALUES('es-ES',45,0);
INSERT INTO ISO_LANGUAGE_CODE(CODE,LANGUAGE_ID,DEFAULT_CODE) VALUES('sv',46,1);
INSERT INTO ISO_LANGUAGE_CODE(CODE,LANGUAGE_ID,DEFAULT_CODE) VALUES('sv-SE',46,0);
INSERT INTO ISO_LANGUAGE_CODE(CODE,LANGUAGE_ID,DEFAULT_CODE) VALUES('th',47,1);
INSERT INTO ISO_LANGUAGE_CODE(CODE,LANGUAGE_ID,DEFAULT_CODE) VALUES('th-TH',47,0);
INSERT INTO ISO_LANGUAGE_CODE(CODE,LANGUAGE_ID,DEFAULT_CODE) VALUES('tr',48,1);
INSERT INTO ISO_LANGUAGE_CODE(CODE,LANGUAGE_ID,DEFAULT_CODE) VALUES('tr-TR',48,0);
