
-- DELETE FROM dms.APPLICATION;
-- DELETE FROM dms.PRODUCT_VERSION;
-- DELETE FROM dms.PRODUCT;
-- DELETE FROM dms.ALCATEL_LANGUAGE_CODE;
-- DELETE FROM dms.LANGUAGE;
-- DELETE FROM dms.CHARSET;

INSERT INTO dms.PRODUCT (ID,NAME) VALUES (1,'test');
INSERT INTO dms.PRODUCT_VERSION (ID,NAME,PRODUCT_ID) VALUES (1,'0.1' ,1 );
INSERT INTO dms.APPLICATION (ID,NAME,PRODUCT_VERSION_ID) VALUES(1,'testapp',1);

INSERT INTO dms.language(ID,NAME) VALUES (1,'English');
INSERT INTO dms.language(ID,NAME) VALUES (2,'Arabic');
INSERT INTO dms.language(ID,NAME) VALUES (3,'Catalan');
INSERT INTO dms.language(ID,NAME) VALUES (4,'Catalan (Spain)');
INSERT INTO dms.language(ID,NAME) VALUES (5,'Chinese');
INSERT INTO dms.language(ID,NAME) VALUES (6,'Chinese (China)');
INSERT INTO dms.language(ID,NAME) VALUES (7,'Chinese (Hong Kong)');
INSERT INTO dms.language(ID,NAME) VALUES (8,'Chinese (Taiwan)');
INSERT INTO dms.language(ID,NAME) VALUES (9,'Croatia');
INSERT INTO dms.language(ID,NAME) VALUES (10,'Czech');
INSERT INTO dms.language(ID,NAME) VALUES (11,'Danish');
INSERT INTO dms.language(ID,NAME) VALUES (12,'Dutch (Belgium)');
INSERT INTO dms.language(ID,NAME) VALUES (13,'Dutch (Netherlands)');
INSERT INTO dms.language(ID,NAME) VALUES (14,'English (Australia)');
INSERT INTO dms.language(ID,NAME) VALUES (15,'English (United Kingdom)');
INSERT INTO dms.language(ID,NAME) VALUES (16,'English (United States)');
INSERT INTO dms.language(ID,NAME) VALUES (17,'Estonia');
INSERT INTO dms.language(ID,NAME) VALUES (18,'Finnish');
INSERT INTO dms.language(ID,NAME) VALUES (19,'French (Belgium)');
INSERT INTO dms.language(ID,NAME) VALUES (20,'French (Canada)');
INSERT INTO dms.language(ID,NAME) VALUES (21,'French (France)');
INSERT INTO dms.language(ID,NAME) VALUES (22,'French (Switzerland)');
INSERT INTO dms.language(ID,NAME) VALUES (23,'German (Austria)');
INSERT INTO dms.language(ID,NAME) VALUES (24,'German (Germany)');
INSERT INTO dms.language(ID,NAME) VALUES (25,'German (Switzerland)');
INSERT INTO dms.language(ID,NAME) VALUES (26,'Greek');
INSERT INTO dms.language(ID,NAME) VALUES (27,'Hebrew');
INSERT INTO dms.language(ID,NAME) VALUES (28,'Hungarian');
INSERT INTO dms.language(ID,NAME) VALUES (29,'Italian (Italy)');
INSERT INTO dms.language(ID,NAME) VALUES (30,'Italian (Switzerland)');
INSERT INTO dms.language(ID,NAME) VALUES (31,'Japanese');
INSERT INTO dms.language(ID,NAME) VALUES (32,'Korean');
INSERT INTO dms.language(ID,NAME) VALUES (33,'Latvian');
INSERT INTO dms.language(ID,NAME) VALUES (34,'Lithuania');
INSERT INTO dms.language(ID,NAME) VALUES (35,'Norvegian');
INSERT INTO dms.language(ID,NAME) VALUES (36,'Polish');
INSERT INTO dms.language(ID,NAME) VALUES (37,'Portuguese (Brazil)');
INSERT INTO dms.language(ID,NAME) VALUES (38,'Portuguese (Portugal)');
INSERT INTO dms.language(ID,NAME) VALUES (39,'Rumania');
INSERT INTO dms.language(ID,NAME) VALUES (40,'Russian');
INSERT INTO dms.language(ID,NAME) VALUES (41,'Serbian');
INSERT INTO dms.language(ID,NAME) VALUES (42,'Slovakian');
INSERT INTO dms.language(ID,NAME) VALUES (43,'Slovenian');
INSERT INTO dms.language(ID,NAME) VALUES (44,'Spanish (Mexico)');
INSERT INTO dms.language(ID,NAME) VALUES (45,'Spanish (Spain)');
INSERT INTO dms.language(ID,NAME) VALUES (46,'Swedish');
INSERT INTO dms.language(ID,NAME) VALUES (47,'Thai');
INSERT INTO dms.language(ID,NAME) VALUES (48,'Turkish');

INSERT INTO dms.ALCATEL_LANGUAGE_CODE(CODE,LANGUAGE_ID,DEFAULT_CODE) VALUES ('GAE',1,1);
INSERT INTO dms.ALCATEL_LANGUAGE_CODE(CODE,LANGUAGE_ID,DEFAULT_CODE) VALUES ('AR0',2,1);
INSERT INTO dms.ALCATEL_LANGUAGE_CODE(CODE,LANGUAGE_ID,DEFAULT_CODE) VALUES ('ES1',4,1);
INSERT INTO dms.ALCATEL_LANGUAGE_CODE(CODE,LANGUAGE_ID,DEFAULT_CODE) VALUES ('CH0',6,1);
INSERT INTO dms.ALCATEL_LANGUAGE_CODE(CODE,LANGUAGE_ID,DEFAULT_CODE) VALUES ('ZH0',6,0);
INSERT INTO dms.ALCATEL_LANGUAGE_CODE(CODE,LANGUAGE_ID,DEFAULT_CODE) VALUES ('HK0',7,1);
INSERT INTO dms.ALCATEL_LANGUAGE_CODE(CODE,LANGUAGE_ID,DEFAULT_CODE) VALUES ('CH1',8,1);
INSERT INTO dms.ALCATEL_LANGUAGE_CODE(CODE,LANGUAGE_ID,DEFAULT_CODE) VALUES ('TW0',8,0);
INSERT INTO dms.ALCATEL_LANGUAGE_CODE(CODE,LANGUAGE_ID,DEFAULT_CODE) VALUES ('HR0',9,1);
INSERT INTO dms.ALCATEL_LANGUAGE_CODE(CODE,LANGUAGE_ID,DEFAULT_CODE) VALUES ('CS0',10,1);
INSERT INTO dms.ALCATEL_LANGUAGE_CODE(CODE,LANGUAGE_ID,DEFAULT_CODE) VALUES ('DA0',11,1);
INSERT INTO dms.ALCATEL_LANGUAGE_CODE(CODE,LANGUAGE_ID,DEFAULT_CODE) VALUES ('NL1',12,1);
INSERT INTO dms.ALCATEL_LANGUAGE_CODE(CODE,LANGUAGE_ID,DEFAULT_CODE) VALUES ('NL0',13,1);
INSERT INTO dms.ALCATEL_LANGUAGE_CODE(CODE,LANGUAGE_ID,DEFAULT_CODE) VALUES ('AS0',14,1);
INSERT INTO dms.ALCATEL_LANGUAGE_CODE(CODE,LANGUAGE_ID,DEFAULT_CODE) VALUES ('EN0',15,1);
INSERT INTO dms.ALCATEL_LANGUAGE_CODE(CODE,LANGUAGE_ID,DEFAULT_CODE) VALUES ('US0',16,1);
INSERT INTO dms.ALCATEL_LANGUAGE_CODE(CODE,LANGUAGE_ID,DEFAULT_CODE) VALUES ('EE0',17,1);
INSERT INTO dms.ALCATEL_LANGUAGE_CODE(CODE,LANGUAGE_ID,DEFAULT_CODE) VALUES ('FI0',18,1);
INSERT INTO dms.ALCATEL_LANGUAGE_CODE(CODE,LANGUAGE_ID,DEFAULT_CODE) VALUES ('FR2',19,1);
INSERT INTO dms.ALCATEL_LANGUAGE_CODE(CODE,LANGUAGE_ID,DEFAULT_CODE) VALUES ('FR0',21,1);
INSERT INTO dms.ALCATEL_LANGUAGE_CODE(CODE,LANGUAGE_ID,DEFAULT_CODE) VALUES ('FR1',22,1);
INSERT INTO dms.ALCATEL_LANGUAGE_CODE(CODE,LANGUAGE_ID,DEFAULT_CODE) VALUES ('DE1',23,1);
INSERT INTO dms.ALCATEL_LANGUAGE_CODE(CODE,LANGUAGE_ID,DEFAULT_CODE) VALUES ('DE0',24,1);
INSERT INTO dms.ALCATEL_LANGUAGE_CODE(CODE,LANGUAGE_ID,DEFAULT_CODE) VALUES ('DE2',25,1);
INSERT INTO dms.ALCATEL_LANGUAGE_CODE(CODE,LANGUAGE_ID,DEFAULT_CODE) VALUES ('GR0',26,1);
INSERT INTO dms.ALCATEL_LANGUAGE_CODE(CODE,LANGUAGE_ID,DEFAULT_CODE) VALUES ('HE0',27,1);
INSERT INTO dms.ALCATEL_LANGUAGE_CODE(CODE,LANGUAGE_ID,DEFAULT_CODE) VALUES ('HU0',28,1);
INSERT INTO dms.ALCATEL_LANGUAGE_CODE(CODE,LANGUAGE_ID,DEFAULT_CODE) VALUES ('IT0',29,1);
INSERT INTO dms.ALCATEL_LANGUAGE_CODE(CODE,LANGUAGE_ID,DEFAULT_CODE) VALUES ('IT1',30,1);
INSERT INTO dms.ALCATEL_LANGUAGE_CODE(CODE,LANGUAGE_ID,DEFAULT_CODE) VALUES ('JP0',31,1);
INSERT INTO dms.ALCATEL_LANGUAGE_CODE(CODE,LANGUAGE_ID,DEFAULT_CODE) VALUES ('KO0',32,1);
INSERT INTO dms.ALCATEL_LANGUAGE_CODE(CODE,LANGUAGE_ID,DEFAULT_CODE) VALUES ('LV0',33,1);
INSERT INTO dms.ALCATEL_LANGUAGE_CODE(CODE,LANGUAGE_ID,DEFAULT_CODE) VALUES ('LT0',34,1);
INSERT INTO dms.ALCATEL_LANGUAGE_CODE(CODE,LANGUAGE_ID,DEFAULT_CODE) VALUES ('NO0',35,1);
INSERT INTO dms.ALCATEL_LANGUAGE_CODE(CODE,LANGUAGE_ID,DEFAULT_CODE) VALUES ('PL0',36,1);
INSERT INTO dms.ALCATEL_LANGUAGE_CODE(CODE,LANGUAGE_ID,DEFAULT_CODE) VALUES ('PT1',37,1);
INSERT INTO dms.ALCATEL_LANGUAGE_CODE(CODE,LANGUAGE_ID,DEFAULT_CODE) VALUES ('PT0',38,1);
INSERT INTO dms.ALCATEL_LANGUAGE_CODE(CODE,LANGUAGE_ID,DEFAULT_CODE) VALUES ('RO0',39,1);
INSERT INTO dms.ALCATEL_LANGUAGE_CODE(CODE,LANGUAGE_ID,DEFAULT_CODE) VALUES ('RU0',40,1);
INSERT INTO dms.ALCATEL_LANGUAGE_CODE(CODE,LANGUAGE_ID,DEFAULT_CODE) VALUES ('YU0',41,1);
INSERT INTO dms.ALCATEL_LANGUAGE_CODE(CODE,LANGUAGE_ID,DEFAULT_CODE) VALUES ('SK0',42,1);
INSERT INTO dms.ALCATEL_LANGUAGE_CODE(CODE,LANGUAGE_ID,DEFAULT_CODE) VALUES ('SI0',43,1);
INSERT INTO dms.ALCATEL_LANGUAGE_CODE(CODE,LANGUAGE_ID,DEFAULT_CODE) VALUES ('ES0',45,1);
INSERT INTO dms.ALCATEL_LANGUAGE_CODE(CODE,LANGUAGE_ID,DEFAULT_CODE) VALUES ('SV0',46,1);
INSERT INTO dms.ALCATEL_LANGUAGE_CODE(CODE,LANGUAGE_ID,DEFAULT_CODE) VALUES ('TA0',47,1);
INSERT INTO dms.ALCATEL_LANGUAGE_CODE(CODE,LANGUAGE_ID,DEFAULT_CODE) VALUES ('TR0',48,1);


INSERT INTO dms.CHARSET(ID, NAME) values (1, 'Big5');
INSERT INTO dms.CHARSET(ID, NAME) values (2,'Big5-HKSCS');
INSERT INTO dms.CHARSET(ID, NAME) values (3, 'EUC-JP');
INSERT INTO dms.CHARSET(ID, NAME) values (4, 'EUC-KR');
INSERT INTO dms.CHARSET(ID, NAME) values (5, 'GB18030');
INSERT INTO dms.CHARSET(ID, NAME) values (6, 'GB2312');
INSERT INTO dms.CHARSET(ID, NAME) values (7, 'GBK');
INSERT INTO dms.CHARSET(ID, NAME) values (8, 'IBM-Thai');
INSERT INTO dms.CHARSET(ID, NAME) values (9, 'IBM00858');
INSERT INTO dms.CHARSET(ID, NAME) values (10, 'IBM01140');
INSERT INTO dms.CHARSET(ID, NAME) values (11, 'IBM01141');
INSERT INTO dms.CHARSET(ID, NAME) values (12, 'IBM01142');
INSERT INTO dms.CHARSET(ID, NAME) values (13, 'IBM01143');
INSERT INTO dms.CHARSET(ID, NAME) values (14, 'IBM01144');
INSERT INTO dms.CHARSET(ID, NAME) values (15, 'IBM01145');
INSERT INTO dms.CHARSET(ID, NAME) values (16, 'IBM01146');
INSERT INTO dms.CHARSET(ID, NAME) values (17, 'IBM01147');
INSERT INTO dms.CHARSET(ID, NAME) values (18, 'IBM01148');
INSERT INTO dms.CHARSET(ID, NAME) values (19, 'IBM01149');
INSERT INTO dms.CHARSET(ID, NAME) values (20, 'IBM037');
INSERT INTO dms.CHARSET(ID, NAME) values (21, 'IBM1026');
INSERT INTO dms.CHARSET(ID, NAME) values (22, 'IBM1047');
INSERT INTO dms.CHARSET(ID, NAME) values (23, 'IBM273');
INSERT INTO dms.CHARSET(ID, NAME) values (24, 'IBM277');
INSERT INTO dms.CHARSET(ID, NAME) values (25, 'IBM278');
INSERT INTO dms.CHARSET(ID, NAME) values (26, 'IBM280');
INSERT INTO dms.CHARSET(ID, NAME) values (27, 'IBM284');
INSERT INTO dms.CHARSET(ID, NAME) values (28, 'IBM285');
INSERT INTO dms.CHARSET(ID, NAME) values (29, 'IBM297');
INSERT INTO dms.CHARSET(ID, NAME) values (30, 'IBM420');
INSERT INTO dms.CHARSET(ID, NAME) values (31, 'IBM424');
INSERT INTO dms.CHARSET(ID, NAME) values (32, 'IBM437');
INSERT INTO dms.CHARSET(ID, NAME) values (33, 'IBM500');
INSERT INTO dms.CHARSET(ID, NAME) values (34, 'IBM775');
INSERT INTO dms.CHARSET(ID, NAME) values (35, 'IBM850');
INSERT INTO dms.CHARSET(ID, NAME) values (36, 'IBM852');
INSERT INTO dms.CHARSET(ID, NAME) values (37, 'IBM855');
INSERT INTO dms.CHARSET(ID, NAME) values (38, 'IBM857');
INSERT INTO dms.CHARSET(ID, NAME) values (39, 'IBM860');
INSERT INTO dms.CHARSET(ID, NAME) values (40, 'IBM861');
INSERT INTO dms.CHARSET(ID, NAME) values (41, 'IBM862');
INSERT INTO dms.CHARSET(ID, NAME) values (42, 'IBM863');
INSERT INTO dms.CHARSET(ID, NAME) values (43, 'IBM864');
INSERT INTO dms.CHARSET(ID, NAME) values (44, 'IBM865');
INSERT INTO dms.CHARSET(ID, NAME) values (45, 'IBM866');
INSERT INTO dms.CHARSET(ID, NAME) values (46, 'IBM868');
INSERT INTO dms.CHARSET(ID, NAME) values (47, 'IBM869');
INSERT INTO dms.CHARSET(ID, NAME) values (48, 'IBM870');
INSERT INTO dms.CHARSET(ID, NAME) values (49, 'IBM871');
INSERT INTO dms.CHARSET(ID, NAME) values (50, 'IBM918');
INSERT INTO dms.CHARSET(ID, NAME) values (51, 'ISO-2022-CN');
INSERT INTO dms.CHARSET(ID, NAME) values (52, 'ISO-2022-JP');
INSERT INTO dms.CHARSET(ID, NAME) values (53, 'ISO-2022-JP-2');
INSERT INTO dms.CHARSET(ID, NAME) values (54, 'ISO-2022-KR');
INSERT INTO dms.CHARSET(ID, NAME) values (55, 'ISO-8859-1');
INSERT INTO dms.CHARSET(ID, NAME) values (56, 'ISO-8859-13');
INSERT INTO dms.CHARSET(ID, NAME) values (57, 'ISO-8859-15');
INSERT INTO dms.CHARSET(ID, NAME) values (58, 'ISO-8859-2');
INSERT INTO dms.CHARSET(ID, NAME) values (59, 'ISO-8859-3');
INSERT INTO dms.CHARSET(ID, NAME) values (60, 'ISO-8859-4');
INSERT INTO dms.CHARSET(ID, NAME) values (61, 'ISO-8859-5');
INSERT INTO dms.CHARSET(ID, NAME) values (62, 'ISO-8859-6');
INSERT INTO dms.CHARSET(ID, NAME) values (63, 'ISO-8859-7');
INSERT INTO dms.CHARSET(ID, NAME) values (64, 'ISO-8859-8');
INSERT INTO dms.CHARSET(ID, NAME) values (65, 'ISO-8859-9');
INSERT INTO dms.CHARSET(ID, NAME) values (66, 'JIS_X0201');
INSERT INTO dms.CHARSET(ID, NAME) values (67, 'JIS_X0212-1990');
INSERT INTO dms.CHARSET(ID, NAME) values (68, 'KOI8-R');
INSERT INTO dms.CHARSET(ID, NAME) values (69, 'KOI8-U');
INSERT INTO dms.CHARSET(ID, NAME) values (70, 'Shift_JIS');
INSERT INTO dms.CHARSET(ID, NAME) values (71, 'TIS-620');
INSERT INTO dms.CHARSET(ID, NAME) values (72, 'US-ASCII');
INSERT INTO dms.CHARSET(ID, NAME) values (73, 'UTF-16');
INSERT INTO dms.CHARSET(ID, NAME) values (74, 'UTF-16BE');
INSERT INTO dms.CHARSET(ID, NAME) values (75, 'UTF-16LE');
INSERT INTO dms.CHARSET(ID, NAME) values (76, 'UTF-32');
INSERT INTO dms.CHARSET(ID, NAME) values (77, 'UTF-32BE');
INSERT INTO dms.CHARSET(ID, NAME) values (78,'UTF-32LE');
INSERT INTO dms.CHARSET(ID, NAME) values (79, 'UTF-8');
INSERT INTO dms.CHARSET(ID, NAME) values (80, 'windows-1250');
INSERT INTO dms.CHARSET(ID, NAME) values (81, 'windows-1251');
INSERT INTO dms.CHARSET(ID, NAME) values (82, 'windows-1252');
INSERT INTO dms.CHARSET(ID, NAME) values (83, 'windows-1253');
INSERT INTO dms.CHARSET(ID, NAME) values (84, 'windows-1254');
INSERT INTO dms.CHARSET(ID, NAME) values (85, 'windows-1255');
INSERT INTO dms.CHARSET(ID, NAME) values (86, 'windows-1256');
INSERT INTO dms.CHARSET(ID, NAME) values (87, 'windows-1257');
INSERT INTO dms.CHARSET(ID, NAME) values (88, 'windows-1258');
INSERT INTO dms.CHARSET(ID, NAME) values (89, 'windows-31j');

INSERT INTO dms.ISO_LANGUAGE_CODE(CODE,LANGUAGE_ID,DEFAULT_CODE) VALUES('en',1,1);
INSERT INTO dms.ISO_LANGUAGE_CODE(CODE,LANGUAGE_ID,DEFAULT_CODE) VALUES('ar',2,1);
INSERT INTO dms.ISO_LANGUAGE_CODE(CODE,LANGUAGE_ID,DEFAULT_CODE) VALUES('ca',3,1);
INSERT INTO dms.ISO_LANGUAGE_CODE(CODE,LANGUAGE_ID,DEFAULT_CODE) VALUES('ca-ES',4,1);
INSERT INTO dms.ISO_LANGUAGE_CODE(CODE,LANGUAGE_ID,DEFAULT_CODE) VALUES('zh',5,1);
INSERT INTO dms.ISO_LANGUAGE_CODE(CODE,LANGUAGE_ID,DEFAULT_CODE) VALUES('zh-CN',6,1);
INSERT INTO dms.ISO_LANGUAGE_CODE(CODE,LANGUAGE_ID,DEFAULT_CODE) VALUES('zh-HK',7,1);
INSERT INTO dms.ISO_LANGUAGE_CODE(CODE,LANGUAGE_ID,DEFAULT_CODE) VALUES('zh-TW',8,1);
INSERT INTO dms.ISO_LANGUAGE_CODE(CODE,LANGUAGE_ID,DEFAULT_CODE) VALUES('hr',9,1);
INSERT INTO dms.ISO_LANGUAGE_CODE(CODE,LANGUAGE_ID,DEFAULT_CODE) VALUES('hr-HR',9,0);
INSERT INTO dms.ISO_LANGUAGE_CODE(CODE,LANGUAGE_ID,DEFAULT_CODE) VALUES('cs',10,1);
INSERT INTO dms.ISO_LANGUAGE_CODE(CODE,LANGUAGE_ID,DEFAULT_CODE) VALUES('cs-CZ',10,0);
INSERT INTO dms.ISO_LANGUAGE_CODE(CODE,LANGUAGE_ID,DEFAULT_CODE) VALUES('da',11,1);
INSERT INTO dms.ISO_LANGUAGE_CODE(CODE,LANGUAGE_ID,DEFAULT_CODE) VALUES('da-DK',11,0);
INSERT INTO dms.ISO_LANGUAGE_CODE(CODE,LANGUAGE_ID,DEFAULT_CODE) VALUES('nl-BE',12,1);
INSERT INTO dms.ISO_LANGUAGE_CODE(CODE,LANGUAGE_ID,DEFAULT_CODE) VALUES('nl',13,1);
INSERT INTO dms.ISO_LANGUAGE_CODE(CODE,LANGUAGE_ID,DEFAULT_CODE) VALUES('nl-NL',13,0);
INSERT INTO dms.ISO_LANGUAGE_CODE(CODE,LANGUAGE_ID,DEFAULT_CODE) VALUES('en-AU',14,1);
INSERT INTO dms.ISO_LANGUAGE_CODE(CODE,LANGUAGE_ID,DEFAULT_CODE) VALUES('en-GB',15,1);
INSERT INTO dms.ISO_LANGUAGE_CODE(CODE,LANGUAGE_ID,DEFAULT_CODE) VALUES('en-US',16,1);
INSERT INTO dms.ISO_LANGUAGE_CODE(CODE,LANGUAGE_ID,DEFAULT_CODE) VALUES('et-EE',17,1);
INSERT INTO dms.ISO_LANGUAGE_CODE(CODE,LANGUAGE_ID,DEFAULT_CODE) VALUES('fi',18,1);
INSERT INTO dms.ISO_LANGUAGE_CODE(CODE,LANGUAGE_ID,DEFAULT_CODE) VALUES('fi-FI',18,0);
INSERT INTO dms.ISO_LANGUAGE_CODE(CODE,LANGUAGE_ID,DEFAULT_CODE) VALUES('fr-BE',19,1);
INSERT INTO dms.ISO_LANGUAGE_CODE(CODE,LANGUAGE_ID,DEFAULT_CODE) VALUES('fr-CA',20,1);
INSERT INTO dms.ISO_LANGUAGE_CODE(CODE,LANGUAGE_ID,DEFAULT_CODE) VALUES('fr',21,1);
INSERT INTO dms.ISO_LANGUAGE_CODE(CODE,LANGUAGE_ID,DEFAULT_CODE) VALUES('fr-FR',21,0);
INSERT INTO dms.ISO_LANGUAGE_CODE(CODE,LANGUAGE_ID,DEFAULT_CODE) VALUES('fr-CH',22,1);
INSERT INTO dms.ISO_LANGUAGE_CODE(CODE,LANGUAGE_ID,DEFAULT_CODE) VALUES('de-AT',23,1);
INSERT INTO dms.ISO_LANGUAGE_CODE(CODE,LANGUAGE_ID,DEFAULT_CODE) VALUES('de',24,1);
INSERT INTO dms.ISO_LANGUAGE_CODE(CODE,LANGUAGE_ID,DEFAULT_CODE) VALUES('de-DE',24,0);
INSERT INTO dms.ISO_LANGUAGE_CODE(CODE,LANGUAGE_ID,DEFAULT_CODE) VALUES('de-CH',25,1);
INSERT INTO dms.ISO_LANGUAGE_CODE(CODE,LANGUAGE_ID,DEFAULT_CODE) VALUES('el',26,1);
INSERT INTO dms.ISO_LANGUAGE_CODE(CODE,LANGUAGE_ID,DEFAULT_CODE) VALUES('el-GR',26,0);
INSERT INTO dms.ISO_LANGUAGE_CODE(CODE,LANGUAGE_ID,DEFAULT_CODE) VALUES('iw',27,1);
INSERT INTO dms.ISO_LANGUAGE_CODE(CODE,LANGUAGE_ID,DEFAULT_CODE) VALUES('he',27,0);
INSERT INTO dms.ISO_LANGUAGE_CODE(CODE,LANGUAGE_ID,DEFAULT_CODE) VALUES('hu',28,1);
INSERT INTO dms.ISO_LANGUAGE_CODE(CODE,LANGUAGE_ID,DEFAULT_CODE) VALUES('hu-HU',28,0);
INSERT INTO dms.ISO_LANGUAGE_CODE(CODE,LANGUAGE_ID,DEFAULT_CODE) VALUES('it',29,1);
INSERT INTO dms.ISO_LANGUAGE_CODE(CODE,LANGUAGE_ID,DEFAULT_CODE) VALUES('it-IT',29,0);
INSERT INTO dms.ISO_LANGUAGE_CODE(CODE,LANGUAGE_ID,DEFAULT_CODE) VALUES('it-CH',30,1);
INSERT INTO dms.ISO_LANGUAGE_CODE(CODE,LANGUAGE_ID,DEFAULT_CODE) VALUES('ja',31,1);
INSERT INTO dms.ISO_LANGUAGE_CODE(CODE,LANGUAGE_ID,DEFAULT_CODE) VALUES('ja-JP',31,0);
INSERT INTO dms.ISO_LANGUAGE_CODE(CODE,LANGUAGE_ID,DEFAULT_CODE) VALUES('ko',32,1);
INSERT INTO dms.ISO_LANGUAGE_CODE(CODE,LANGUAGE_ID,DEFAULT_CODE) VALUES('ko-KR',32,0);
INSERT INTO dms.ISO_LANGUAGE_CODE(CODE,LANGUAGE_ID,DEFAULT_CODE) VALUES('lv',33,1);
INSERT INTO dms.ISO_LANGUAGE_CODE(CODE,LANGUAGE_ID,DEFAULT_CODE) VALUES('lv-LV',33,0);
INSERT INTO dms.ISO_LANGUAGE_CODE(CODE,LANGUAGE_ID,DEFAULT_CODE) VALUES('lt',34,1);
INSERT INTO dms.ISO_LANGUAGE_CODE(CODE,LANGUAGE_ID,DEFAULT_CODE) VALUES('lt-LT',34,0);
INSERT INTO dms.ISO_LANGUAGE_CODE(CODE,LANGUAGE_ID,DEFAULT_CODE) VALUES('no',35,1);
INSERT INTO dms.ISO_LANGUAGE_CODE(CODE,LANGUAGE_ID,DEFAULT_CODE) VALUES('no-NO',35,0);
INSERT INTO dms.ISO_LANGUAGE_CODE(CODE,LANGUAGE_ID,DEFAULT_CODE) VALUES('pl',36,1);
INSERT INTO dms.ISO_LANGUAGE_CODE(CODE,LANGUAGE_ID,DEFAULT_CODE) VALUES('pl-PL',36,0);
INSERT INTO dms.ISO_LANGUAGE_CODE(CODE,LANGUAGE_ID,DEFAULT_CODE) VALUES('pt-BR',37,1);
INSERT INTO dms.ISO_LANGUAGE_CODE(CODE,LANGUAGE_ID,DEFAULT_CODE) VALUES('pt',38,1);
INSERT INTO dms.ISO_LANGUAGE_CODE(CODE,LANGUAGE_ID,DEFAULT_CODE) VALUES('pt-PT',38,0);
INSERT INTO dms.ISO_LANGUAGE_CODE(CODE,LANGUAGE_ID,DEFAULT_CODE) VALUES('ro',39,1);
INSERT INTO dms.ISO_LANGUAGE_CODE(CODE,LANGUAGE_ID,DEFAULT_CODE) VALUES('ro-RO',39,0);
INSERT INTO dms.ISO_LANGUAGE_CODE(CODE,LANGUAGE_ID,DEFAULT_CODE) VALUES('ru',40,1);
INSERT INTO dms.ISO_LANGUAGE_CODE(CODE,LANGUAGE_ID,DEFAULT_CODE) VALUES('ru-RU',40,0);
INSERT INTO dms.ISO_LANGUAGE_CODE(CODE,LANGUAGE_ID,DEFAULT_CODE) VALUES('sr',41,1);
INSERT INTO dms.ISO_LANGUAGE_CODE(CODE,LANGUAGE_ID,DEFAULT_CODE) VALUES('sr-YU',41,0);
INSERT INTO dms.ISO_LANGUAGE_CODE(CODE,LANGUAGE_ID,DEFAULT_CODE) VALUES('sk',42,1);
INSERT INTO dms.ISO_LANGUAGE_CODE(CODE,LANGUAGE_ID,DEFAULT_CODE) VALUES('sk-SK',42,0);
INSERT INTO dms.ISO_LANGUAGE_CODE(CODE,LANGUAGE_ID,DEFAULT_CODE) VALUES('sl',43,1);
INSERT INTO dms.ISO_LANGUAGE_CODE(CODE,LANGUAGE_ID,DEFAULT_CODE) VALUES('sl-SI',43,0);
INSERT INTO dms.ISO_LANGUAGE_CODE(CODE,LANGUAGE_ID,DEFAULT_CODE) VALUES('es-MX',44,1);
INSERT INTO dms.ISO_LANGUAGE_CODE(CODE,LANGUAGE_ID,DEFAULT_CODE) VALUES('es',45,1);
INSERT INTO dms.ISO_LANGUAGE_CODE(CODE,LANGUAGE_ID,DEFAULT_CODE) VALUES('es-ES',45,0);
INSERT INTO dms.ISO_LANGUAGE_CODE(CODE,LANGUAGE_ID,DEFAULT_CODE) VALUES('sv',46,1);
INSERT INTO dms.ISO_LANGUAGE_CODE(CODE,LANGUAGE_ID,DEFAULT_CODE) VALUES('sv-SE',46,0);
INSERT INTO dms.ISO_LANGUAGE_CODE(CODE,LANGUAGE_ID,DEFAULT_CODE) VALUES('th',47,1);
INSERT INTO dms.ISO_LANGUAGE_CODE(CODE,LANGUAGE_ID,DEFAULT_CODE) VALUES('th-TH',47,0);
INSERT INTO dms.ISO_LANGUAGE_CODE(CODE,LANGUAGE_ID,DEFAULT_CODE) VALUES('tr',48,1);
INSERT INTO dms.ISO_LANGUAGE_CODE(CODE,LANGUAGE_ID,DEFAULT_CODE) VALUES('tr-TR',48,0);
