
-- DELETE FROM `APPLICATION`;
-- DELETE FROM `PRODUCT_VERSION`;
-- DELETE FROM `PRODUCT`;
-- DELETE FROM `ALCATEL_LANGUAGE_CODE`;
-- DELETE FROM `LANGUAGE`;
-- DELETE FROM `CHARSET`;

INSERT INTO `PRODUCT` (`ID`,`NAME`) VALUES (1   ,'test');
INSERT INTO `PRODUCT_VERSION` (`ID`,`NAME`,`PRODUCT_ID`) VALUES (1,'0.1' ,1 );
INSERT INTO `APPLICATION` (`ID`,`NAME`   ,`PRODUCT_VERSION_ID`) VALUES(1,'testapp',1);


INSERT INTO LANGUAGE(ID,NAME,ISO_CODE) VALUES (1,'English','en');
INSERT INTO LANGUAGE(ID,NAME,ISO_CODE) VALUES (2,'Arabic','ar');
INSERT INTO LANGUAGE(ID,NAME,ISO_CODE) VALUES (3,'Catalan','ca');
INSERT INTO LANGUAGE(ID,NAME,ISO_CODE) VALUES (4,'Catalan (Spain)','ca-ES');
INSERT INTO LANGUAGE(ID,NAME,ISO_CODE) VALUES (5,'Chinese','zh');
INSERT INTO LANGUAGE(ID,NAME,ISO_CODE) VALUES (6,'Chinese (China)','zh-CN');
INSERT INTO LANGUAGE(ID,NAME,ISO_CODE) VALUES (7,'Chinese (Hong Kong)','zh-HK');
INSERT INTO LANGUAGE(ID,NAME,ISO_CODE) VALUES (8,'Chinese (Taiwan)','zh-TW');
INSERT INTO LANGUAGE(ID,NAME,ISO_CODE) VALUES (9,'Croatia','hr,hr-HR');
INSERT INTO LANGUAGE(ID,NAME,ISO_CODE) VALUES (10,'Czech','cs,cs-CZ');
INSERT INTO LANGUAGE(ID,NAME,ISO_CODE) VALUES (11,'Danish','da,da-DK');
INSERT INTO LANGUAGE(ID,NAME,ISO_CODE) VALUES (12,'Dutch (Belgium)','nl-BE');
INSERT INTO LANGUAGE(ID,NAME,ISO_CODE) VALUES (13,'Dutch (Netherlands)','nl,nl-NL');
INSERT INTO LANGUAGE(ID,NAME,ISO_CODE) VALUES (14,'English (Australia)','en-AU');
INSERT INTO LANGUAGE(ID,NAME,ISO_CODE) VALUES (15,'English (United Kingdom)','en-GB');
INSERT INTO LANGUAGE(ID,NAME,ISO_CODE) VALUES (16,'English (United States)','en-US');
INSERT INTO LANGUAGE(ID,NAME,ISO_CODE) VALUES (17,'Estonia','et-EE');
INSERT INTO LANGUAGE(ID,NAME,ISO_CODE) VALUES (18,'Finnish','fi,fi-FI');
INSERT INTO LANGUAGE(ID,NAME,ISO_CODE) VALUES (19,'French (Belgium)','fr-BE');
INSERT INTO LANGUAGE(ID,NAME,ISO_CODE) VALUES (20,'French (Canada)','fr-CA');
INSERT INTO LANGUAGE(ID,NAME,ISO_CODE) VALUES (21,'French (France)','fr,fr-FR');
INSERT INTO LANGUAGE(ID,NAME,ISO_CODE) VALUES (22,'French (Switzerland)','fr-CH');
INSERT INTO LANGUAGE(ID,NAME,ISO_CODE) VALUES (23,'German (Austria)','de-AT');
INSERT INTO LANGUAGE(ID,NAME,ISO_CODE) VALUES (24,'German (Germany)','de,de-DE');
INSERT INTO LANGUAGE(ID,NAME,ISO_CODE) VALUES (25,'German (Switzerland)','de-CH');
INSERT INTO LANGUAGE(ID,NAME,ISO_CODE) VALUES (26,'Greek','el,el-GR');
INSERT INTO LANGUAGE(ID,NAME,ISO_CODE) VALUES (27,'Hebrew','iw,he');
INSERT INTO LANGUAGE(ID,NAME,ISO_CODE) VALUES (28,'Hungarian','hu,hu-HU');
INSERT INTO LANGUAGE(ID,NAME,ISO_CODE) VALUES (29,'Italian (Italy)','it,it-IT');
INSERT INTO LANGUAGE(ID,NAME,ISO_CODE) VALUES (30,'Italian (Switzerland)','it-CH');
INSERT INTO LANGUAGE(ID,NAME,ISO_CODE) VALUES (31,'Japanese','ja,ja-JP');
INSERT INTO LANGUAGE(ID,NAME,ISO_CODE) VALUES (32,'Korean','ko,ko-KR');
INSERT INTO LANGUAGE(ID,NAME,ISO_CODE) VALUES (33,'Latvian','lv,lv-LV');
INSERT INTO LANGUAGE(ID,NAME,ISO_CODE) VALUES (34,'Lithuania','lt,lt-LT');
INSERT INTO LANGUAGE(ID,NAME,ISO_CODE) VALUES (35,'Norvegian','no,no-NO');
INSERT INTO LANGUAGE(ID,NAME,ISO_CODE) VALUES (36,'Polish','pl,pl-PL');
INSERT INTO LANGUAGE(ID,NAME,ISO_CODE) VALUES (37,'Portuguese (Brazil)','pt-BR');
INSERT INTO LANGUAGE(ID,NAME,ISO_CODE) VALUES (38,'Portuguese (Portugal)','pt,pt-PT');
INSERT INTO LANGUAGE(ID,NAME,ISO_CODE) VALUES (39,'Rumania','ro,ro-RO');
INSERT INTO LANGUAGE(ID,NAME,ISO_CODE) VALUES (40,'Russian','ru,ru-RU');
INSERT INTO LANGUAGE(ID,NAME,ISO_CODE) VALUES (41,'Serbian','sr,sr-YU');
INSERT INTO LANGUAGE(ID,NAME,ISO_CODE) VALUES (42,'Slovakian','sk,sk-SK');
INSERT INTO LANGUAGE(ID,NAME,ISO_CODE) VALUES (43,'Slovenian','sl,sl-SI');
INSERT INTO LANGUAGE(ID,NAME,ISO_CODE) VALUES (44,'Spanish (Mexico)','es-MX');
INSERT INTO LANGUAGE(ID,NAME,ISO_CODE) VALUES (45,'Spanish (Spain)','es,es-ES');
INSERT INTO LANGUAGE(ID,NAME,ISO_CODE) VALUES (46,'Swedish','sv,sv-SE');
INSERT INTO LANGUAGE(ID,NAME,ISO_CODE) VALUES (47,'Thai','th,th-TH');
INSERT INTO LANGUAGE(ID,NAME,ISO_CODE) VALUES (48,'Turkish','tr,tr-TR');

INSERT INTO ALCATEL_LANGUAGE_CODE(CODE,LANGUAGE_ID,DEFAULT_CODE) VALUES ('GAE',1,1);
INSERT INTO ALCATEL_LANGUAGE_CODE(CODE,LANGUAGE_ID,DEFAULT_CODE) VALUES ('AR0',2,1);
INSERT INTO ALCATEL_LANGUAGE_CODE(CODE,LANGUAGE_ID,DEFAULT_CODE) VALUES ('ES1',4,1);
INSERT INTO ALCATEL_LANGUAGE_CODE(CODE,LANGUAGE_ID,DEFAULT_CODE) VALUES ('CH0',6,1);
INSERT INTO ALCATEL_LANGUAGE_CODE(CODE,LANGUAGE_ID,DEFAULT_CODE) VALUES ('ZH0',6,0);
INSERT INTO ALCATEL_LANGUAGE_CODE(CODE,LANGUAGE_ID,DEFAULT_CODE) VALUES ('HK0',7,1);
INSERT INTO ALCATEL_LANGUAGE_CODE(CODE,LANGUAGE_ID,DEFAULT_CODE) VALUES ('CH1',8,1);
INSERT INTO ALCATEL_LANGUAGE_CODE(CODE,LANGUAGE_ID,DEFAULT_CODE) VALUES ('TW0',8,0);
INSERT INTO ALCATEL_LANGUAGE_CODE(CODE,LANGUAGE_ID,DEFAULT_CODE) VALUES ('HR0',9,1);
INSERT INTO ALCATEL_LANGUAGE_CODE(CODE,LANGUAGE_ID,DEFAULT_CODE) VALUES ('CS0',10,1);
INSERT INTO ALCATEL_LANGUAGE_CODE(CODE,LANGUAGE_ID,DEFAULT_CODE) VALUES ('DA0',11,1);
INSERT INTO ALCATEL_LANGUAGE_CODE(CODE,LANGUAGE_ID,DEFAULT_CODE) VALUES ('NL1',12,1);
INSERT INTO ALCATEL_LANGUAGE_CODE(CODE,LANGUAGE_ID,DEFAULT_CODE) VALUES ('NL0',13,1);
INSERT INTO ALCATEL_LANGUAGE_CODE(CODE,LANGUAGE_ID,DEFAULT_CODE) VALUES ('AS0',14,1);
INSERT INTO ALCATEL_LANGUAGE_CODE(CODE,LANGUAGE_ID,DEFAULT_CODE) VALUES ('EN0',15,1);
INSERT INTO ALCATEL_LANGUAGE_CODE(CODE,LANGUAGE_ID,DEFAULT_CODE) VALUES ('US0',16,1);
INSERT INTO ALCATEL_LANGUAGE_CODE(CODE,LANGUAGE_ID,DEFAULT_CODE) VALUES ('EE0',17,1);
INSERT INTO ALCATEL_LANGUAGE_CODE(CODE,LANGUAGE_ID,DEFAULT_CODE) VALUES ('FI0',18,1);
INSERT INTO ALCATEL_LANGUAGE_CODE(CODE,LANGUAGE_ID,DEFAULT_CODE) VALUES ('FR2',19,1);
INSERT INTO ALCATEL_LANGUAGE_CODE(CODE,LANGUAGE_ID,DEFAULT_CODE) VALUES ('FR0',21,1);
INSERT INTO ALCATEL_LANGUAGE_CODE(CODE,LANGUAGE_ID,DEFAULT_CODE) VALUES ('FR1',22,1);
INSERT INTO ALCATEL_LANGUAGE_CODE(CODE,LANGUAGE_ID,DEFAULT_CODE) VALUES ('DE1',23,1);
INSERT INTO ALCATEL_LANGUAGE_CODE(CODE,LANGUAGE_ID,DEFAULT_CODE) VALUES ('DE0',24,1);
INSERT INTO ALCATEL_LANGUAGE_CODE(CODE,LANGUAGE_ID,DEFAULT_CODE) VALUES ('DE2',25,1);
INSERT INTO ALCATEL_LANGUAGE_CODE(CODE,LANGUAGE_ID,DEFAULT_CODE) VALUES ('GR0',26,1);
INSERT INTO ALCATEL_LANGUAGE_CODE(CODE,LANGUAGE_ID,DEFAULT_CODE) VALUES ('HE0',27,1);
INSERT INTO ALCATEL_LANGUAGE_CODE(CODE,LANGUAGE_ID,DEFAULT_CODE) VALUES ('HU0',28,1);
INSERT INTO ALCATEL_LANGUAGE_CODE(CODE,LANGUAGE_ID,DEFAULT_CODE) VALUES ('IT0',29,1);
INSERT INTO ALCATEL_LANGUAGE_CODE(CODE,LANGUAGE_ID,DEFAULT_CODE) VALUES ('IT1',30,1);
INSERT INTO ALCATEL_LANGUAGE_CODE(CODE,LANGUAGE_ID,DEFAULT_CODE) VALUES ('JP0',31,1);
INSERT INTO ALCATEL_LANGUAGE_CODE(CODE,LANGUAGE_ID,DEFAULT_CODE) VALUES ('KO0',32,1);
INSERT INTO ALCATEL_LANGUAGE_CODE(CODE,LANGUAGE_ID,DEFAULT_CODE) VALUES ('LV0',33,1);
INSERT INTO ALCATEL_LANGUAGE_CODE(CODE,LANGUAGE_ID,DEFAULT_CODE) VALUES ('LT0',34,1);
INSERT INTO ALCATEL_LANGUAGE_CODE(CODE,LANGUAGE_ID,DEFAULT_CODE) VALUES ('NO0',35,1);
INSERT INTO ALCATEL_LANGUAGE_CODE(CODE,LANGUAGE_ID,DEFAULT_CODE) VALUES ('PL0',36,1);
INSERT INTO ALCATEL_LANGUAGE_CODE(CODE,LANGUAGE_ID,DEFAULT_CODE) VALUES ('PT1',37,1);
INSERT INTO ALCATEL_LANGUAGE_CODE(CODE,LANGUAGE_ID,DEFAULT_CODE) VALUES ('PT0',38,1);
INSERT INTO ALCATEL_LANGUAGE_CODE(CODE,LANGUAGE_ID,DEFAULT_CODE) VALUES ('RO0',39,1);
INSERT INTO ALCATEL_LANGUAGE_CODE(CODE,LANGUAGE_ID,DEFAULT_CODE) VALUES ('RU0',40,1);
INSERT INTO ALCATEL_LANGUAGE_CODE(CODE,LANGUAGE_ID,DEFAULT_CODE) VALUES ('YU0',41,1);
INSERT INTO ALCATEL_LANGUAGE_CODE(CODE,LANGUAGE_ID,DEFAULT_CODE) VALUES ('SK0',42,1);
INSERT INTO ALCATEL_LANGUAGE_CODE(CODE,LANGUAGE_ID,DEFAULT_CODE) VALUES ('SI0',43,1);
INSERT INTO ALCATEL_LANGUAGE_CODE(CODE,LANGUAGE_ID,DEFAULT_CODE) VALUES ('ES0',45,1);
INSERT INTO ALCATEL_LANGUAGE_CODE(CODE,LANGUAGE_ID,DEFAULT_CODE) VALUES ('SV0',46,1);
INSERT INTO ALCATEL_LANGUAGE_CODE(CODE,LANGUAGE_ID,DEFAULT_CODE) VALUES ('TA0',47,1);
INSERT INTO ALCATEL_LANGUAGE_CODE(CODE,LANGUAGE_ID,DEFAULT_CODE) VALUES ('TR0',48,1);

INSERT INTO CHARSET(NAME) values ('Big5');
INSERT INTO CHARSET(NAME) values ('Big5-HKSCS');
INSERT INTO CHARSET(NAME) values ('EUC-JP');
INSERT INTO CHARSET(NAME) values ('EUC-KR');
INSERT INTO CHARSET(NAME) values ('GB18030');
INSERT INTO CHARSET(NAME) values ('GB2312');
INSERT INTO CHARSET(NAME) values ('GBK');
INSERT INTO CHARSET(NAME) values ('IBM-Thai');
INSERT INTO CHARSET(NAME) values ('IBM00858');
INSERT INTO CHARSET(NAME) values ('IBM01140');
INSERT INTO CHARSET(NAME) values ('IBM01141');
INSERT INTO CHARSET(NAME) values ('IBM01142');
INSERT INTO CHARSET(NAME) values ('IBM01143');
INSERT INTO CHARSET(NAME) values ('IBM01144');
INSERT INTO CHARSET(NAME) values ('IBM01145');
INSERT INTO CHARSET(NAME) values ('IBM01146');
INSERT INTO CHARSET(NAME) values ('IBM01147');
INSERT INTO CHARSET(NAME) values ('IBM01148');
INSERT INTO CHARSET(NAME) values ('IBM01149');
INSERT INTO CHARSET(NAME) values ('IBM037');
INSERT INTO CHARSET(NAME) values ('IBM1026');
INSERT INTO CHARSET(NAME) values ('IBM1047');
INSERT INTO CHARSET(NAME) values ('IBM273');
INSERT INTO CHARSET(NAME) values ('IBM277');
INSERT INTO CHARSET(NAME) values ('IBM278');
INSERT INTO CHARSET(NAME) values ('IBM280');
INSERT INTO CHARSET(NAME) values ('IBM284');
INSERT INTO CHARSET(NAME) values ('IBM285');
INSERT INTO CHARSET(NAME) values ('IBM297');
INSERT INTO CHARSET(NAME) values ('IBM420');
INSERT INTO CHARSET(NAME) values ('IBM424');
INSERT INTO CHARSET(NAME) values ('IBM437');
INSERT INTO CHARSET(NAME) values ('IBM500');
INSERT INTO CHARSET(NAME) values ('IBM775');
INSERT INTO CHARSET(NAME) values ('IBM850');
INSERT INTO CHARSET(NAME) values ('IBM852');
INSERT INTO CHARSET(NAME) values ('IBM855');
INSERT INTO CHARSET(NAME) values ('IBM857');
INSERT INTO CHARSET(NAME) values ('IBM860');
INSERT INTO CHARSET(NAME) values ('IBM861');
INSERT INTO CHARSET(NAME) values ('IBM862');
INSERT INTO CHARSET(NAME) values ('IBM863');
INSERT INTO CHARSET(NAME) values ('IBM864');
INSERT INTO CHARSET(NAME) values ('IBM865');
INSERT INTO CHARSET(NAME) values ('IBM866');
INSERT INTO CHARSET(NAME) values ('IBM868');
INSERT INTO CHARSET(NAME) values ('IBM869');
INSERT INTO CHARSET(NAME) values ('IBM870');
INSERT INTO CHARSET(NAME) values ('IBM871');
INSERT INTO CHARSET(NAME) values ('IBM918');
INSERT INTO CHARSET(NAME) values ('ISO-2022-CN');
INSERT INTO CHARSET(NAME) values ('ISO-2022-JP');
INSERT INTO CHARSET(NAME) values ('ISO-2022-JP-2');
INSERT INTO CHARSET(NAME) values ('ISO-2022-KR');
INSERT INTO CHARSET(NAME) values ('ISO-8859-1');
INSERT INTO CHARSET(NAME) values ('ISO-8859-13');
INSERT INTO CHARSET(NAME) values ('ISO-8859-15');
INSERT INTO CHARSET(NAME) values ('ISO-8859-2');
INSERT INTO CHARSET(NAME) values ('ISO-8859-3');
INSERT INTO CHARSET(NAME) values ('ISO-8859-4');
INSERT INTO CHARSET(NAME) values ('ISO-8859-5');
INSERT INTO CHARSET(NAME) values ('ISO-8859-6');
INSERT INTO CHARSET(NAME) values ('ISO-8859-7');
INSERT INTO CHARSET(NAME) values ('ISO-8859-8');
INSERT INTO CHARSET(NAME) values ('ISO-8859-9');
INSERT INTO CHARSET(NAME) values ('JIS_X0201');
INSERT INTO CHARSET(NAME) values ('JIS_X0212-1990');
INSERT INTO CHARSET(NAME) values ('KOI8-R');
INSERT INTO CHARSET(NAME) values ('KOI8-U');
INSERT INTO CHARSET(NAME) values ('Shift_JIS');
INSERT INTO CHARSET(NAME) values ('TIS-620');
INSERT INTO CHARSET(NAME) values ('US-ASCII');
INSERT INTO CHARSET(NAME) values ('UTF-16');
INSERT INTO CHARSET(NAME) values ('UTF-16BE');
INSERT INTO CHARSET(NAME) values ('UTF-16LE');
INSERT INTO CHARSET(NAME) values ('UTF-32');
INSERT INTO CHARSET(NAME) values ('UTF-32BE');
INSERT INTO CHARSET(NAME) values ('UTF-32LE');
INSERT INTO CHARSET(NAME) values ('UTF-8');
INSERT INTO CHARSET(NAME) values ('windows-1250');
INSERT INTO CHARSET(NAME) values ('windows-1251');
INSERT INTO CHARSET(NAME) values ('windows-1252');
INSERT INTO CHARSET(NAME) values ('windows-1253');
INSERT INTO CHARSET(NAME) values ('windows-1254');
INSERT INTO CHARSET(NAME) values ('windows-1255');
INSERT INTO CHARSET(NAME) values ('windows-1256');
INSERT INTO CHARSET(NAME) values ('windows-1257');
INSERT INTO CHARSET(NAME) values ('windows-1258');
INSERT INTO CHARSET(NAME) values ('windows-31j');